Hindi Sentence,English Sentence,Roman Hindi,Topic/Tense,Situation,Level,Accepted Answers,Explanation
मैं घर पर हूँ।,I am at home.,main ghar par हूँ,Use of is/am/are,Simple,Beginner,,Practice Simple sentences for Use of is/am/are.
आप तैयार हैं।,You are ready.,aap taiyar हैं,Use of is/am/are,Simple,Beginner,,Practice Simple sentences for Use of is/am/are.
वह आज व्यस्त है।,He is busy today.,vah aaj vyast है,Use of is/am/are,Simple,Beginner,,Practice Simple sentences for Use of is/am/are.
वह कक्षा में है।,She is in the class.,vah kaksha mein है,Use of is/am/are,Simple,Beginner,,Practice Simple sentences for Use of is/am/are.
हम खुश हैं।,We are happy.,hum khush हैं,Use of is/am/are,Simple,Beginner,,Practice Simple sentences for Use of is/am/are.
वे देर से हैं।,They are late.,ve der se हैं,Use of is/am/are,Simple,Beginner,,Practice Simple sentences for Use of is/am/are.
मेरा भाई ऑनलाइन है।,My brother is online.,mera bhai online है,Use of is/am/are,Simple,Beginner,,Practice Simple sentences for Use of is/am/are.
मेरी बहन अभी उपलब्ध है।,My sister is available now.,meri bahan abhi uplabdh है,Use of is/am/are,Simple,Beginner,,Practice Simple sentences for Use of is/am/are.
शिक्षक आत्मविश्वासी है।,The teacher is confident.,shikshak aatmavishwasi है,Use of is/am/are,Simple,Beginner,,Practice Simple sentences for Use of is/am/are.
छात्र शाम को फ्री है।,The student is free in the evening.,chhatra shaam ko free है,Use of is/am/are,Simple,Beginner,,Practice Simple sentences for Use of is/am/are.
मैं घर पर नहीं हूँ।,I am not at home.,main ghar par nahi हूँ,Use of is/am/are,Negative,Beginner,,Practice Negative sentences for Use of is/am/are.
आप तैयार नहीं हैं।,You are not ready.,aap taiyar nahi हैं,Use of is/am/are,Negative,Beginner,,Practice Negative sentences for Use of is/am/are.
वह आज व्यस्त नहीं है।,He is not busy today.,vah aaj vyast nahi है,Use of is/am/are,Negative,Beginner,,Practice Negative sentences for Use of is/am/are.
वह कक्षा में नहीं है।,She is not in the class.,vah kaksha mein nahi है,Use of is/am/are,Negative,Beginner,,Practice Negative sentences for Use of is/am/are.
हम खुश नहीं हैं।,We are not happy.,hum khush nahi हैं,Use of is/am/are,Negative,Beginner,,Practice Negative sentences for Use of is/am/are.
वे देर से नहीं हैं।,They are not late.,ve der se nahi हैं,Use of is/am/are,Negative,Beginner,,Practice Negative sentences for Use of is/am/are.
मेरा भाई ऑनलाइन नहीं है।,My brother is not online.,mera bhai online nahi है,Use of is/am/are,Negative,Beginner,,Practice Negative sentences for Use of is/am/are.
मेरी बहन अभी उपलब्ध नहीं है।,My sister is not available now.,meri bahan abhi uplabdh nahi है,Use of is/am/are,Negative,Beginner,,Practice Negative sentences for Use of is/am/are.
शिक्षक आत्मविश्वासी नहीं है।,The teacher is not confident.,shikshak aatmavishwasi nahi है,Use of is/am/are,Negative,Beginner,,Practice Negative sentences for Use of is/am/are.
छात्र शाम को फ्री नहीं है।,The student is not free in the evening.,chhatra shaam ko free nahi है,Use of is/am/are,Negative,Beginner,,Practice Negative sentences for Use of is/am/are.
क्या मैं घर पर हूँ?,Am i at home?,kya main ghar par हूँ,Use of is/am/are,Yes/No Question,Beginner,,Practice Yes/No Question sentences for Use of is/am/are.
क्या आप तैयार हैं?,Are you ready?,kya aap taiyar हैं,Use of is/am/are,Yes/No Question,Beginner,,Practice Yes/No Question sentences for Use of is/am/are.
क्या वह आज व्यस्त है?,Is he busy today?,kya vah aaj vyast है,Use of is/am/are,Yes/No Question,Beginner,,Practice Yes/No Question sentences for Use of is/am/are.
क्या वह कक्षा में है?,Is she in the class?,kya vah kaksha mein है,Use of is/am/are,Yes/No Question,Beginner,,Practice Yes/No Question sentences for Use of is/am/are.
क्या हम खुश हैं?,Are we happy?,kya hum khush हैं,Use of is/am/are,Yes/No Question,Beginner,,Practice Yes/No Question sentences for Use of is/am/are.
क्या वे देर से हैं?,Are they late?,kya ve der se हैं,Use of is/am/are,Yes/No Question,Beginner,,Practice Yes/No Question sentences for Use of is/am/are.
क्या मेरा भाई ऑनलाइन है?,Is My brother online?,kya mera bhai online है,Use of is/am/are,Yes/No Question,Beginner,,Practice Yes/No Question sentences for Use of is/am/are.
क्या मेरी बहन अभी उपलब्ध है?,Is My sister available now?,kya meri bahan abhi uplabdh है,Use of is/am/are,Yes/No Question,Beginner,,Practice Yes/No Question sentences for Use of is/am/are.
क्या शिक्षक आत्मविश्वासी है?,Is The teacher confident?,kya shikshak aatmavishwasi है,Use of is/am/are,Yes/No Question,Beginner,,Practice Yes/No Question sentences for Use of is/am/are.
क्या छात्र शाम को फ्री है?,Is The student free in the evening?,kya chhatra shaam ko free है,Use of is/am/are,Yes/No Question,Beginner,,Practice Yes/No Question sentences for Use of is/am/are.
मैं कहाँ हूँ?,Where am i?,main kahan हूँ,Use of is/am/are,Question Word,Beginner,,Practice Question Word sentences for Use of is/am/are.
आप कहाँ हैं?,Where are you?,aap kahan हैं,Use of is/am/are,Question Word,Beginner,,Practice Question Word sentences for Use of is/am/are.
वह कहाँ है?,Where is he?,vah kahan है,Use of is/am/are,Question Word,Beginner,,Practice Question Word sentences for Use of is/am/are.
वह कहाँ है?,Where is she?,vah kahan है,Use of is/am/are,Question Word,Beginner,,Practice Question Word sentences for Use of is/am/are.
हम कहाँ हैं?,Where are we?,hum kahan हैं,Use of is/am/are,Question Word,Beginner,,Practice Question Word sentences for Use of is/am/are.
वे कहाँ हैं?,Where are they?,ve kahan हैं,Use of is/am/are,Question Word,Beginner,,Practice Question Word sentences for Use of is/am/are.
मेरा भाई कहाँ है?,Where is My brother?,mera bhai kahan है,Use of is/am/are,Question Word,Beginner,,Practice Question Word sentences for Use of is/am/are.
मेरी बहन कहाँ है?,Where is My sister?,meri bahan kahan है,Use of is/am/are,Question Word,Beginner,,Practice Question Word sentences for Use of is/am/are.
शिक्षक कहाँ है?,Where is The teacher?,shikshak kahan है,Use of is/am/are,Question Word,Beginner,,Practice Question Word sentences for Use of is/am/are.
छात्र कहाँ है?,Where is The student?,chhatra kahan है,Use of is/am/are,Question Word,Beginner,,Practice Question Word sentences for Use of is/am/are.
मैं क्यों घर पर नहीं हूँ?,Why am i not at home?,main kyon ghar par nahi हूँ,Use of is/am/are,Double Interrogative,Beginner,,Practice Double Interrogative sentences for Use of is/am/are.
आप क्यों तैयार नहीं हैं?,Why are you not ready?,aap kyon taiyar nahi हैं,Use of is/am/are,Double Interrogative,Beginner,,Practice Double Interrogative sentences for Use of is/am/are.
वह क्यों आज व्यस्त नहीं है?,Why is he not busy today?,vah kyon aaj vyast nahi है,Use of is/am/are,Double Interrogative,Beginner,,Practice Double Interrogative sentences for Use of is/am/are.
वह क्यों कक्षा में नहीं है?,Why is she not in the class?,vah kyon kaksha mein nahi है,Use of is/am/are,Double Interrogative,Beginner,,Practice Double Interrogative sentences for Use of is/am/are.
हम क्यों खुश नहीं हैं?,Why are we not happy?,hum kyon khush nahi हैं,Use of is/am/are,Double Interrogative,Beginner,,Practice Double Interrogative sentences for Use of is/am/are.
वे क्यों देर से नहीं हैं?,Why are they not late?,ve kyon der se nahi हैं,Use of is/am/are,Double Interrogative,Beginner,,Practice Double Interrogative sentences for Use of is/am/are.
मेरा भाई क्यों ऑनलाइन नहीं है?,Why is My brother not online?,mera bhai kyon online nahi है,Use of is/am/are,Double Interrogative,Beginner,,Practice Double Interrogative sentences for Use of is/am/are.
मेरी बहन क्यों अभी उपलब्ध नहीं है?,Why is My sister not available now?,meri bahan kyon abhi uplabdh nahi है,Use of is/am/are,Double Interrogative,Beginner,,Practice Double Interrogative sentences for Use of is/am/are.
शिक्षक क्यों आत्मविश्वासी नहीं है?,Why is The teacher not confident?,shikshak kyon aatmavishwasi nahi है,Use of is/am/are,Double Interrogative,Beginner,,Practice Double Interrogative sentences for Use of is/am/are.
छात्र क्यों शाम को फ्री नहीं है?,Why is The student not free in the evening?,chhatra kyon shaam ko free nahi है,Use of is/am/are,Double Interrogative,Beginner,,Practice Double Interrogative sentences for Use of is/am/are.
मैं घर पर था/थी।,I was at home.,main ghar par था/थी,Use of was/were,Simple,Beginner,,Practice Simple sentences for Use of was/were.
आप तैयार थे।,You were ready.,aap taiyar थे,Use of was/were,Simple,Beginner,,Practice Simple sentences for Use of was/were.
वह आज व्यस्त था।,He was busy today.,vah aaj vyast था,Use of was/were,Simple,Beginner,,Practice Simple sentences for Use of was/were.
वह कक्षा में थी।,She was in the class.,vah kaksha mein थी,Use of was/were,Simple,Beginner,,Practice Simple sentences for Use of was/were.
हम खुश थे।,We were happy.,hum khush थे,Use of was/were,Simple,Beginner,,Practice Simple sentences for Use of was/were.
वे देर से थे।,They were late.,ve der se थे,Use of was/were,Simple,Beginner,,Practice Simple sentences for Use of was/were.
मेरा भाई ऑनलाइन था।,My brother was online.,mera bhai online था,Use of was/were,Simple,Beginner,,Practice Simple sentences for Use of was/were.
मेरी बहन अभी उपलब्ध थी।,My sister was available now.,meri bahan abhi uplabdh थी,Use of was/were,Simple,Beginner,,Practice Simple sentences for Use of was/were.
शिक्षक आत्मविश्वासी था/थी।,The teacher was confident.,shikshak aatmavishwasi था/थी,Use of was/were,Simple,Beginner,,Practice Simple sentences for Use of was/were.
छात्र शाम को फ्री था/थी।,The student was free in the evening.,chhatra shaam ko free था/थी,Use of was/were,Simple,Beginner,,Practice Simple sentences for Use of was/were.
मैं घर पर नहीं था/थी।,I was not at home.,main ghar par nahi था/थी,Use of was/were,Negative,Beginner,,Practice Negative sentences for Use of was/were.
आप तैयार नहीं थे।,You were not ready.,aap taiyar nahi थे,Use of was/were,Negative,Beginner,,Practice Negative sentences for Use of was/were.
वह आज व्यस्त नहीं था।,He was not busy today.,vah aaj vyast nahi था,Use of was/were,Negative,Beginner,,Practice Negative sentences for Use of was/were.
वह कक्षा में नहीं थी।,She was not in the class.,vah kaksha mein nahi थी,Use of was/were,Negative,Beginner,,Practice Negative sentences for Use of was/were.
हम खुश नहीं थे।,We were not happy.,hum khush nahi थे,Use of was/were,Negative,Beginner,,Practice Negative sentences for Use of was/were.
वे देर से नहीं थे।,They were not late.,ve der se nahi थे,Use of was/were,Negative,Beginner,,Practice Negative sentences for Use of was/were.
मेरा भाई ऑनलाइन नहीं था।,My brother was not online.,mera bhai online nahi था,Use of was/were,Negative,Beginner,,Practice Negative sentences for Use of was/were.
मेरी बहन अभी उपलब्ध नहीं थी।,My sister was not available now.,meri bahan abhi uplabdh nahi थी,Use of was/were,Negative,Beginner,,Practice Negative sentences for Use of was/were.
शिक्षक आत्मविश्वासी नहीं था/थी।,The teacher was not confident.,shikshak aatmavishwasi nahi था/थी,Use of was/were,Negative,Beginner,,Practice Negative sentences for Use of was/were.
छात्र शाम को फ्री नहीं था/थी।,The student was not free in the evening.,chhatra shaam ko free nahi था/थी,Use of was/were,Negative,Beginner,,Practice Negative sentences for Use of was/were.
क्या मैं घर पर था/थी?,Was i at home?,kya main ghar par था/थी,Use of was/were,Yes/No Question,Beginner,,Practice Yes/No Question sentences for Use of was/were.
क्या आप तैयार थे?,Were you ready?,kya aap taiyar थे,Use of was/were,Yes/No Question,Beginner,,Practice Yes/No Question sentences for Use of was/were.
क्या वह आज व्यस्त था?,Was he busy today?,kya vah aaj vyast था,Use of was/were,Yes/No Question,Beginner,,Practice Yes/No Question sentences for Use of was/were.
क्या वह कक्षा में थी?,Was she in the class?,kya vah kaksha mein थी,Use of was/were,Yes/No Question,Beginner,,Practice Yes/No Question sentences for Use of was/were.
क्या हम खुश थे?,Were we happy?,kya hum khush थे,Use of was/were,Yes/No Question,Beginner,,Practice Yes/No Question sentences for Use of was/were.
क्या वे देर से थे?,Were they late?,kya ve der se थे,Use of was/were,Yes/No Question,Beginner,,Practice Yes/No Question sentences for Use of was/were.
क्या मेरा भाई ऑनलाइन था?,Was My brother online?,kya mera bhai online था,Use of was/were,Yes/No Question,Beginner,,Practice Yes/No Question sentences for Use of was/were.
क्या मेरी बहन अभी उपलब्ध थी?,Was My sister available now?,kya meri bahan abhi uplabdh थी,Use of was/were,Yes/No Question,Beginner,,Practice Yes/No Question sentences for Use of was/were.
क्या शिक्षक आत्मविश्वासी था/थी?,Was The teacher confident?,kya shikshak aatmavishwasi था/थी,Use of was/were,Yes/No Question,Beginner,,Practice Yes/No Question sentences for Use of was/were.
क्या छात्र शाम को फ्री था/थी?,Was The student free in the evening?,kya chhatra shaam ko free था/थी,Use of was/were,Yes/No Question,Beginner,,Practice Yes/No Question sentences for Use of was/were.
मैं कहाँ था/थी?,Where was i?,main kahan था/थी,Use of was/were,Question Word,Beginner,,Practice Question Word sentences for Use of was/were.
आप कहाँ थे?,Where were you?,aap kahan थे,Use of was/were,Question Word,Beginner,,Practice Question Word sentences for Use of was/were.
वह कहाँ था?,Where was he?,vah kahan था,Use of was/were,Question Word,Beginner,,Practice Question Word sentences for Use of was/were.
वह कहाँ थी?,Where was she?,vah kahan थी,Use of was/were,Question Word,Beginner,,Practice Question Word sentences for Use of was/were.
हम कहाँ थे?,Where were we?,hum kahan थे,Use of was/were,Question Word,Beginner,,Practice Question Word sentences for Use of was/were.
वे कहाँ थे?,Where were they?,ve kahan थे,Use of was/were,Question Word,Beginner,,Practice Question Word sentences for Use of was/were.
मेरा भाई कहाँ था?,Where was My brother?,mera bhai kahan था,Use of was/were,Question Word,Beginner,,Practice Question Word sentences for Use of was/were.
मेरी बहन कहाँ थी?,Where was My sister?,meri bahan kahan थी,Use of was/were,Question Word,Beginner,,Practice Question Word sentences for Use of was/were.
शिक्षक कहाँ था/थी?,Where was The teacher?,shikshak kahan था/थी,Use of was/were,Question Word,Beginner,,Practice Question Word sentences for Use of was/were.
छात्र कहाँ था/थी?,Where was The student?,chhatra kahan था/थी,Use of was/were,Question Word,Beginner,,Practice Question Word sentences for Use of was/were.
मैं क्यों घर पर नहीं था/थी?,Why was i not at home?,main kyon ghar par nahi था/थी,Use of was/were,Double Interrogative,Beginner,,Practice Double Interrogative sentences for Use of was/were.
आप क्यों तैयार नहीं थे?,Why were you not ready?,aap kyon taiyar nahi थे,Use of was/were,Double Interrogative,Beginner,,Practice Double Interrogative sentences for Use of was/were.
वह क्यों आज व्यस्त नहीं था?,Why was he not busy today?,vah kyon aaj vyast nahi था,Use of was/were,Double Interrogative,Beginner,,Practice Double Interrogative sentences for Use of was/were.
वह क्यों कक्षा में नहीं थी?,Why was she not in the class?,vah kyon kaksha mein nahi थी,Use of was/were,Double Interrogative,Beginner,,Practice Double Interrogative sentences for Use of was/were.
हम क्यों खुश नहीं थे?,Why were we not happy?,hum kyon khush nahi थे,Use of was/were,Double Interrogative,Beginner,,Practice Double Interrogative sentences for Use of was/were.
वे क्यों देर से नहीं थे?,Why were they not late?,ve kyon der se nahi थे,Use of was/were,Double Interrogative,Beginner,,Practice Double Interrogative sentences for Use of was/were.
मेरा भाई क्यों ऑनलाइन नहीं था?,Why was My brother not online?,mera bhai kyon online nahi था,Use of was/were,Double Interrogative,Beginner,,Practice Double Interrogative sentences for Use of was/were.
मेरी बहन क्यों अभी उपलब्ध नहीं थी?,Why was My sister not available now?,meri bahan kyon abhi uplabdh nahi थी,Use of was/were,Double Interrogative,Beginner,,Practice Double Interrogative sentences for Use of was/were.
शिक्षक क्यों आत्मविश्वासी नहीं था/थी?,Why was The teacher not confident?,shikshak kyon aatmavishwasi nahi था/थी,Use of was/were,Double Interrogative,Beginner,,Practice Double Interrogative sentences for Use of was/were.
छात्र क्यों शाम को फ्री नहीं था/थी?,Why was The student not free in the evening?,chhatra kyon shaam ko free nahi था/थी,Use of was/were,Double Interrogative,Beginner,,Practice Double Interrogative sentences for Use of was/were.
मैं के पास दिल्ली का अनुभव है।,I have experience of Delhi.,main ke paas Delhi ka anubhav hai,Use of has/have,Simple,Beginner,,Practice Simple sentences for Use of has/have.
आप के पास स्कूल का अनुभव है।,You have experience of school.,aap ke paas school ka anubhav hai,Use of has/have,Simple,Beginner,,Practice Simple sentences for Use of has/have.
वह के पास ऑफिस का अनुभव है।,He has experience of office.,vah ke paas office ka anubhav hai,Use of has/have,Simple,Beginner,,Practice Simple sentences for Use of has/have.
वह के पास बाजार का अनुभव है।,She has experience of market.,vah ke paas bazaar ka anubhav hai,Use of has/have,Simple,Beginner,,Practice Simple sentences for Use of has/have.
हम के पास क्लास का अनुभव है।,We have experience of class.,hum ke paas class ka anubhav hai,Use of has/have,Simple,Beginner,,Practice Simple sentences for Use of has/have.
वे के पास घर का अनुभव है।,They have experience of home.,ve ke paas ghar ka anubhav hai,Use of has/have,Simple,Beginner,,Practice Simple sentences for Use of has/have.
मेरा भाई के पास इंटरव्यू का अनुभव है।,My brother has experience of interview.,mera bhai ke paas interview ka anubhav hai,Use of has/have,Simple,Beginner,,Practice Simple sentences for Use of has/have.
मेरी बहन के पास मीटिंग का अनुभव है।,My sister has experience of meeting.,meri bahan ke paas meeting ka anubhav hai,Use of has/have,Simple,Beginner,,Practice Simple sentences for Use of has/have.
शिक्षक के पास दुकान का अनुभव है।,The teacher has experience of shop.,shikshak ke paas dukan ka anubhav hai,Use of has/have,Simple,Beginner,,Practice Simple sentences for Use of has/have.
छात्र के पास स्टेशन का अनुभव है।,The student has experience of station.,chhatra ke paas station ka anubhav hai,Use of has/have,Simple,Beginner,,Practice Simple sentences for Use of has/have.
मैं के पास दिल्ली का अनुभव नहीं है।,I do not have experience of Delhi.,main ke paas Delhi ka anubhav nahi hai,Use of has/have,Negative,Beginner,,Practice Negative sentences for Use of has/have.
आप के पास स्कूल का अनुभव नहीं है।,You do not have experience of school.,aap ke paas school ka anubhav nahi hai,Use of has/have,Negative,Beginner,,Practice Negative sentences for Use of has/have.
वह के पास ऑफिस का अनुभव नहीं है।,He does not have experience of office.,vah ke paas office ka anubhav nahi hai,Use of has/have,Negative,Beginner,,Practice Negative sentences for Use of has/have.
वह के पास बाजार का अनुभव नहीं है।,She does not have experience of market.,vah ke paas bazaar ka anubhav nahi hai,Use of has/have,Negative,Beginner,,Practice Negative sentences for Use of has/have.
हम के पास क्लास का अनुभव नहीं है।,We do not have experience of class.,hum ke paas class ka anubhav nahi hai,Use of has/have,Negative,Beginner,,Practice Negative sentences for Use of has/have.
वे के पास घर का अनुभव नहीं है।,They do not have experience of home.,ve ke paas ghar ka anubhav nahi hai,Use of has/have,Negative,Beginner,,Practice Negative sentences for Use of has/have.
मेरा भाई के पास इंटरव्यू का अनुभव नहीं है।,My brother does not have experience of interview.,mera bhai ke paas interview ka anubhav nahi hai,Use of has/have,Negative,Beginner,,Practice Negative sentences for Use of has/have.
मेरी बहन के पास मीटिंग का अनुभव नहीं है।,My sister does not have experience of meeting.,meri bahan ke paas meeting ka anubhav nahi hai,Use of has/have,Negative,Beginner,,Practice Negative sentences for Use of has/have.
शिक्षक के पास दुकान का अनुभव नहीं है।,The teacher does not have experience of shop.,shikshak ke paas dukan ka anubhav nahi hai,Use of has/have,Negative,Beginner,,Practice Negative sentences for Use of has/have.
छात्र के पास स्टेशन का अनुभव नहीं है।,The student does not have experience of station.,chhatra ke paas station ka anubhav nahi hai,Use of has/have,Negative,Beginner,,Practice Negative sentences for Use of has/have.
क्या मैं के पास दिल्ली का अनुभव है?,Do i have experience of Delhi?,kya main ke paas Delhi ka anubhav hai,Use of has/have,Yes/No Question,Beginner,,Practice Yes/No Question sentences for Use of has/have.
क्या आप के पास स्कूल का अनुभव है?,Do you have experience of school?,kya aap ke paas school ka anubhav hai,Use of has/have,Yes/No Question,Beginner,,Practice Yes/No Question sentences for Use of has/have.
क्या वह के पास ऑफिस का अनुभव है?,Does he have experience of office?,kya vah ke paas office ka anubhav hai,Use of has/have,Yes/No Question,Beginner,,Practice Yes/No Question sentences for Use of has/have.
क्या वह के पास बाजार का अनुभव है?,Does she have experience of market?,kya vah ke paas bazaar ka anubhav hai,Use of has/have,Yes/No Question,Beginner,,Practice Yes/No Question sentences for Use of has/have.
क्या हम के पास क्लास का अनुभव है?,Do we have experience of class?,kya hum ke paas class ka anubhav hai,Use of has/have,Yes/No Question,Beginner,,Practice Yes/No Question sentences for Use of has/have.
क्या वे के पास घर का अनुभव है?,Do they have experience of home?,kya ve ke paas ghar ka anubhav hai,Use of has/have,Yes/No Question,Beginner,,Practice Yes/No Question sentences for Use of has/have.
क्या मेरा भाई के पास इंटरव्यू का अनुभव है?,Does My brother have experience of interview?,kya mera bhai ke paas interview ka anubhav hai,Use of has/have,Yes/No Question,Beginner,,Practice Yes/No Question sentences for Use of has/have.
क्या मेरी बहन के पास मीटिंग का अनुभव है?,Does My sister have experience of meeting?,kya meri bahan ke paas meeting ka anubhav hai,Use of has/have,Yes/No Question,Beginner,,Practice Yes/No Question sentences for Use of has/have.
क्या शिक्षक के पास दुकान का अनुभव है?,Does The teacher have experience of shop?,kya shikshak ke paas dukan ka anubhav hai,Use of has/have,Yes/No Question,Beginner,,Practice Yes/No Question sentences for Use of has/have.
क्या छात्र के पास स्टेशन का अनुभव है?,Does The student have experience of station?,kya chhatra ke paas station ka anubhav hai,Use of has/have,Yes/No Question,Beginner,,Practice Yes/No Question sentences for Use of has/have.
मैं के पास किस चीज़ का अनुभव है?,What experience does I have?,main ke paas kis cheez ka anubhav hai,Use of has/have,Question Word,Beginner,,Practice Question Word sentences for Use of has/have.
आप के पास किस चीज़ का अनुभव है?,What experience does You have?,aap ke paas kis cheez ka anubhav hai,Use of has/have,Question Word,Beginner,,Practice Question Word sentences for Use of has/have.
वह के पास किस चीज़ का अनुभव है?,What experience does he have?,vah ke paas kis cheez ka anubhav hai,Use of has/have,Question Word,Beginner,,Practice Question Word sentences for Use of has/have.
वह के पास किस चीज़ का अनुभव है?,What experience does she have?,vah ke paas kis cheez ka anubhav hai,Use of has/have,Question Word,Beginner,,Practice Question Word sentences for Use of has/have.
हम के पास किस चीज़ का अनुभव है?,What experience does We have?,hum ke paas kis cheez ka anubhav hai,Use of has/have,Question Word,Beginner,,Practice Question Word sentences for Use of has/have.
वे के पास किस चीज़ का अनुभव है?,What experience does They have?,ve ke paas kis cheez ka anubhav hai,Use of has/have,Question Word,Beginner,,Practice Question Word sentences for Use of has/have.
मेरा भाई के पास किस चीज़ का अनुभव है?,What experience does My brother have?,mera bhai ke paas kis cheez ka anubhav hai,Use of has/have,Question Word,Beginner,,Practice Question Word sentences for Use of has/have.
मेरी बहन के पास किस चीज़ का अनुभव है?,What experience does My sister have?,meri bahan ke paas kis cheez ka anubhav hai,Use of has/have,Question Word,Beginner,,Practice Question Word sentences for Use of has/have.
शिक्षक के पास किस चीज़ का अनुभव है?,What experience does The teacher have?,shikshak ke paas kis cheez ka anubhav hai,Use of has/have,Question Word,Beginner,,Practice Question Word sentences for Use of has/have.
छात्र के पास किस चीज़ का अनुभव है?,What experience does The student have?,chhatra ke paas kis cheez ka anubhav hai,Use of has/have,Question Word,Beginner,,Practice Question Word sentences for Use of has/have.
मैं के पास दिल्ली का अनुभव क्यों नहीं है?,Why do i not have experience of Delhi?,main ke paas Delhi ka anubhav kyon nahi hai,Use of has/have,Double Interrogative,Beginner,,Practice Double Interrogative sentences for Use of has/have.
आप के पास स्कूल का अनुभव क्यों नहीं है?,Why do you not have experience of school?,aap ke paas school ka anubhav kyon nahi hai,Use of has/have,Double Interrogative,Beginner,,Practice Double Interrogative sentences for Use of has/have.
वह के पास ऑफिस का अनुभव क्यों नहीं है?,Why does he not have experience of office?,vah ke paas office ka anubhav kyon nahi hai,Use of has/have,Double Interrogative,Beginner,,Practice Double Interrogative sentences for Use of has/have.
वह के पास बाजार का अनुभव क्यों नहीं है?,Why does she not have experience of market?,vah ke paas bazaar ka anubhav kyon nahi hai,Use of has/have,Double Interrogative,Beginner,,Practice Double Interrogative sentences for Use of has/have.
हम के पास क्लास का अनुभव क्यों नहीं है?,Why do we not have experience of class?,hum ke paas class ka anubhav kyon nahi hai,Use of has/have,Double Interrogative,Beginner,,Practice Double Interrogative sentences for Use of has/have.
वे के पास घर का अनुभव क्यों नहीं है?,Why do they not have experience of home?,ve ke paas ghar ka anubhav kyon nahi hai,Use of has/have,Double Interrogative,Beginner,,Practice Double Interrogative sentences for Use of has/have.
मेरा भाई के पास इंटरव्यू का अनुभव क्यों नहीं है?,Why does My brother not have experience of interview?,mera bhai ke paas interview ka anubhav kyon nahi hai,Use of has/have,Double Interrogative,Beginner,,Practice Double Interrogative sentences for Use of has/have.
मेरी बहन के पास मीटिंग का अनुभव क्यों नहीं है?,Why does My sister not have experience of meeting?,meri bahan ke paas meeting ka anubhav kyon nahi hai,Use of has/have,Double Interrogative,Beginner,,Practice Double Interrogative sentences for Use of has/have.
शिक्षक के पास दुकान का अनुभव क्यों नहीं है?,Why does The teacher not have experience of shop?,shikshak ke paas dukan ka anubhav kyon nahi hai,Use of has/have,Double Interrogative,Beginner,,Practice Double Interrogative sentences for Use of has/have.
छात्र के पास स्टेशन का अनुभव क्यों नहीं है?,Why does The student not have experience of station?,chhatra ke paas station ka anubhav kyon nahi hai,Use of has/have,Double Interrogative,Beginner,,Practice Double Interrogative sentences for Use of has/have.
मैं के पास दिल्ली का अनुभव है।,I had experience of Delhi.,main ke paas Delhi ka anubhav hai,Use of had,Simple,Beginner,,Practice Simple sentences for Use of had.
आप के पास स्कूल का अनुभव है।,You had experience of school.,aap ke paas school ka anubhav hai,Use of had,Simple,Beginner,,Practice Simple sentences for Use of had.
वह के पास ऑफिस का अनुभव है।,He had experience of office.,vah ke paas office ka anubhav hai,Use of had,Simple,Beginner,,Practice Simple sentences for Use of had.
वह के पास बाजार का अनुभव है।,She had experience of market.,vah ke paas bazaar ka anubhav hai,Use of had,Simple,Beginner,,Practice Simple sentences for Use of had.
हम के पास क्लास का अनुभव है।,We had experience of class.,hum ke paas class ka anubhav hai,Use of had,Simple,Beginner,,Practice Simple sentences for Use of had.
वे के पास घर का अनुभव है।,They had experience of home.,ve ke paas ghar ka anubhav hai,Use of had,Simple,Beginner,,Practice Simple sentences for Use of had.
मेरा भाई के पास इंटरव्यू का अनुभव है।,My brother had experience of interview.,mera bhai ke paas interview ka anubhav hai,Use of had,Simple,Beginner,,Practice Simple sentences for Use of had.
मेरी बहन के पास मीटिंग का अनुभव है।,My sister had experience of meeting.,meri bahan ke paas meeting ka anubhav hai,Use of had,Simple,Beginner,,Practice Simple sentences for Use of had.
शिक्षक के पास दुकान का अनुभव है।,The teacher had experience of shop.,shikshak ke paas dukan ka anubhav hai,Use of had,Simple,Beginner,,Practice Simple sentences for Use of had.
छात्र के पास स्टेशन का अनुभव है।,The student had experience of station.,chhatra ke paas station ka anubhav hai,Use of had,Simple,Beginner,,Practice Simple sentences for Use of had.
मैं के पास दिल्ली का अनुभव नहीं है।,I did not have experience of Delhi.,main ke paas Delhi ka anubhav nahi hai,Use of had,Negative,Beginner,,Practice Negative sentences for Use of had.
आप के पास स्कूल का अनुभव नहीं है।,You did not have experience of school.,aap ke paas school ka anubhav nahi hai,Use of had,Negative,Beginner,,Practice Negative sentences for Use of had.
वह के पास ऑफिस का अनुभव नहीं है।,He did not have experience of office.,vah ke paas office ka anubhav nahi hai,Use of had,Negative,Beginner,,Practice Negative sentences for Use of had.
वह के पास बाजार का अनुभव नहीं है।,She did not have experience of market.,vah ke paas bazaar ka anubhav nahi hai,Use of had,Negative,Beginner,,Practice Negative sentences for Use of had.
हम के पास क्लास का अनुभव नहीं है।,We did not have experience of class.,hum ke paas class ka anubhav nahi hai,Use of had,Negative,Beginner,,Practice Negative sentences for Use of had.
वे के पास घर का अनुभव नहीं है।,They did not have experience of home.,ve ke paas ghar ka anubhav nahi hai,Use of had,Negative,Beginner,,Practice Negative sentences for Use of had.
मेरा भाई के पास इंटरव्यू का अनुभव नहीं है।,My brother did not have experience of interview.,mera bhai ke paas interview ka anubhav nahi hai,Use of had,Negative,Beginner,,Practice Negative sentences for Use of had.
मेरी बहन के पास मीटिंग का अनुभव नहीं है।,My sister did not have experience of meeting.,meri bahan ke paas meeting ka anubhav nahi hai,Use of had,Negative,Beginner,,Practice Negative sentences for Use of had.
शिक्षक के पास दुकान का अनुभव नहीं है।,The teacher did not have experience of shop.,shikshak ke paas dukan ka anubhav nahi hai,Use of had,Negative,Beginner,,Practice Negative sentences for Use of had.
छात्र के पास स्टेशन का अनुभव नहीं है।,The student did not have experience of station.,chhatra ke paas station ka anubhav nahi hai,Use of had,Negative,Beginner,,Practice Negative sentences for Use of had.
क्या मैं के पास दिल्ली का अनुभव है?,Did i have experience of Delhi?,kya main ke paas Delhi ka anubhav hai,Use of had,Yes/No Question,Beginner,,Practice Yes/No Question sentences for Use of had.
क्या आप के पास स्कूल का अनुभव है?,Did you have experience of school?,kya aap ke paas school ka anubhav hai,Use of had,Yes/No Question,Beginner,,Practice Yes/No Question sentences for Use of had.
क्या वह के पास ऑफिस का अनुभव है?,Did he have experience of office?,kya vah ke paas office ka anubhav hai,Use of had,Yes/No Question,Beginner,,Practice Yes/No Question sentences for Use of had.
क्या वह के पास बाजार का अनुभव है?,Did she have experience of market?,kya vah ke paas bazaar ka anubhav hai,Use of had,Yes/No Question,Beginner,,Practice Yes/No Question sentences for Use of had.
क्या हम के पास क्लास का अनुभव है?,Did we have experience of class?,kya hum ke paas class ka anubhav hai,Use of had,Yes/No Question,Beginner,,Practice Yes/No Question sentences for Use of had.
क्या वे के पास घर का अनुभव है?,Did they have experience of home?,kya ve ke paas ghar ka anubhav hai,Use of had,Yes/No Question,Beginner,,Practice Yes/No Question sentences for Use of had.
क्या मेरा भाई के पास इंटरव्यू का अनुभव है?,Did My brother have experience of interview?,kya mera bhai ke paas interview ka anubhav hai,Use of had,Yes/No Question,Beginner,,Practice Yes/No Question sentences for Use of had.
क्या मेरी बहन के पास मीटिंग का अनुभव है?,Did My sister have experience of meeting?,kya meri bahan ke paas meeting ka anubhav hai,Use of had,Yes/No Question,Beginner,,Practice Yes/No Question sentences for Use of had.
क्या शिक्षक के पास दुकान का अनुभव है?,Did The teacher have experience of shop?,kya shikshak ke paas dukan ka anubhav hai,Use of had,Yes/No Question,Beginner,,Practice Yes/No Question sentences for Use of had.
क्या छात्र के पास स्टेशन का अनुभव है?,Did The student have experience of station?,kya chhatra ke paas station ka anubhav hai,Use of had,Yes/No Question,Beginner,,Practice Yes/No Question sentences for Use of had.
मैं के पास किस चीज़ का अनुभव है?,What experience does I have?,main ke paas kis cheez ka anubhav hai,Use of had,Question Word,Beginner,,Practice Question Word sentences for Use of had.
आप के पास किस चीज़ का अनुभव है?,What experience does You have?,aap ke paas kis cheez ka anubhav hai,Use of had,Question Word,Beginner,,Practice Question Word sentences for Use of had.
वह के पास किस चीज़ का अनुभव है?,What experience does he have?,vah ke paas kis cheez ka anubhav hai,Use of had,Question Word,Beginner,,Practice Question Word sentences for Use of had.
वह के पास किस चीज़ का अनुभव है?,What experience does she have?,vah ke paas kis cheez ka anubhav hai,Use of had,Question Word,Beginner,,Practice Question Word sentences for Use of had.
हम के पास किस चीज़ का अनुभव है?,What experience does We have?,hum ke paas kis cheez ka anubhav hai,Use of had,Question Word,Beginner,,Practice Question Word sentences for Use of had.
वे के पास किस चीज़ का अनुभव है?,What experience does They have?,ve ke paas kis cheez ka anubhav hai,Use of had,Question Word,Beginner,,Practice Question Word sentences for Use of had.
मेरा भाई के पास किस चीज़ का अनुभव है?,What experience does My brother have?,mera bhai ke paas kis cheez ka anubhav hai,Use of had,Question Word,Beginner,,Practice Question Word sentences for Use of had.
मेरी बहन के पास किस चीज़ का अनुभव है?,What experience does My sister have?,meri bahan ke paas kis cheez ka anubhav hai,Use of had,Question Word,Beginner,,Practice Question Word sentences for Use of had.
शिक्षक के पास किस चीज़ का अनुभव है?,What experience does The teacher have?,shikshak ke paas kis cheez ka anubhav hai,Use of had,Question Word,Beginner,,Practice Question Word sentences for Use of had.
छात्र के पास किस चीज़ का अनुभव है?,What experience does The student have?,chhatra ke paas kis cheez ka anubhav hai,Use of had,Question Word,Beginner,,Practice Question Word sentences for Use of had.
मैं के पास दिल्ली का अनुभव क्यों नहीं है?,Why did i not have experience of Delhi?,main ke paas Delhi ka anubhav kyon nahi hai,Use of had,Double Interrogative,Beginner,,Practice Double Interrogative sentences for Use of had.
आप के पास स्कूल का अनुभव क्यों नहीं है?,Why did you not have experience of school?,aap ke paas school ka anubhav kyon nahi hai,Use of had,Double Interrogative,Beginner,,Practice Double Interrogative sentences for Use of had.
वह के पास ऑफिस का अनुभव क्यों नहीं है?,Why did he not have experience of office?,vah ke paas office ka anubhav kyon nahi hai,Use of had,Double Interrogative,Beginner,,Practice Double Interrogative sentences for Use of had.
वह के पास बाजार का अनुभव क्यों नहीं है?,Why did she not have experience of market?,vah ke paas bazaar ka anubhav kyon nahi hai,Use of had,Double Interrogative,Beginner,,Practice Double Interrogative sentences for Use of had.
हम के पास क्लास का अनुभव क्यों नहीं है?,Why did we not have experience of class?,hum ke paas class ka anubhav kyon nahi hai,Use of had,Double Interrogative,Beginner,,Practice Double Interrogative sentences for Use of had.
वे के पास घर का अनुभव क्यों नहीं है?,Why did they not have experience of home?,ve ke paas ghar ka anubhav kyon nahi hai,Use of had,Double Interrogative,Beginner,,Practice Double Interrogative sentences for Use of had.
मेरा भाई के पास इंटरव्यू का अनुभव क्यों नहीं है?,Why did My brother not have experience of interview?,mera bhai ke paas interview ka anubhav kyon nahi hai,Use of had,Double Interrogative,Beginner,,Practice Double Interrogative sentences for Use of had.
मेरी बहन के पास मीटिंग का अनुभव क्यों नहीं है?,Why did My sister not have experience of meeting?,meri bahan ke paas meeting ka anubhav kyon nahi hai,Use of had,Double Interrogative,Beginner,,Practice Double Interrogative sentences for Use of had.
शिक्षक के पास दुकान का अनुभव क्यों नहीं है?,Why did The teacher not have experience of shop?,shikshak ke paas dukan ka anubhav kyon nahi hai,Use of had,Double Interrogative,Beginner,,Practice Double Interrogative sentences for Use of had.
छात्र के पास स्टेशन का अनुभव क्यों नहीं है?,Why did The student not have experience of station?,chhatra ke paas station ka anubhav kyon nahi hai,Use of had,Double Interrogative,Beginner,,Practice Double Interrogative sentences for Use of had.
मैं अंग्रेजी बोलना सकता/सकती है।,I can speak English.,main angrezi bolna सकता/सकती है,Use of can,Simple,Beginner,,Practice Simple sentences for Use of can.
आप अंग्रेजी सीखना सकता/सकती है।,You can learn English.,aap angrezi seekhna सकता/सकती है,Use of can,Simple,Beginner,,Practice Simple sentences for Use of can.
वह रोज अभ्यास करना सकता/सकती है।,He can practice daily.,vah roz abhyas karna सकता/सकती है,Use of can,Simple,Beginner,,Practice Simple sentences for Use of can.
वह क्लास जाना सकता/सकती है।,She can go to class.,vah class jana सकता/सकती है,Use of can,Simple,Beginner,,Practice Simple sentences for Use of can.
हम होमवर्क पूरा करना सकता/सकती है।,We can finish homework.,hum homework poora karna सकता/सकती है,Use of can,Simple,Beginner,,Practice Simple sentences for Use of can.
वे शिक्षक को फोन करना सकता/सकती है।,They can call the teacher.,ve shikshak ko phone karna सकता/सकती है,Use of can,Simple,Beginner,,Practice Simple sentences for Use of can.
मेरा भाई लेसन पढ़ना सकता/सकती है।,My brother can read the lesson.,mera bhai lesson padhna सकता/सकती है,Use of can,Simple,Beginner,,Practice Simple sentences for Use of can.
मेरी बहन वाक्य लिखना सकता/सकती है।,My sister can write sentences.,meri bahan vakya likhna सकता/सकती है,Use of can,Simple,Beginner,,Practice Simple sentences for Use of can.
शिक्षक सवाल पूछना सकता/सकती है।,The teacher can ask questions.,shikshak sawal poochhna सकता/सकती है,Use of can,Simple,Beginner,,Practice Simple sentences for Use of can.
छात्र कम्युनिकेशन सुधारना सकता/सकती है।,The student can improve communication.,chhatra communication sudharna सकता/सकती है,Use of can,Simple,Beginner,,Practice Simple sentences for Use of can.
मैं अंग्रेजी बोलना नहीं सकता/सकती है।,I can not speak English.,main angrezi bolna nahi सकता/सकती है,Use of can,Negative,Beginner,,Practice Negative sentences for Use of can.
आप अंग्रेजी सीखना नहीं सकता/सकती है।,You can not learn English.,aap angrezi seekhna nahi सकता/सकती है,Use of can,Negative,Beginner,,Practice Negative sentences for Use of can.
वह रोज अभ्यास करना नहीं सकता/सकती है।,He can not practice daily.,vah roz abhyas karna nahi सकता/सकती है,Use of can,Negative,Beginner,,Practice Negative sentences for Use of can.
वह क्लास जाना नहीं सकता/सकती है।,She can not go to class.,vah class jana nahi सकता/सकती है,Use of can,Negative,Beginner,,Practice Negative sentences for Use of can.
हम होमवर्क पूरा करना नहीं सकता/सकती है।,We can not finish homework.,hum homework poora karna nahi सकता/सकती है,Use of can,Negative,Beginner,,Practice Negative sentences for Use of can.
वे शिक्षक को फोन करना नहीं सकता/सकती है।,They can not call the teacher.,ve shikshak ko phone karna nahi सकता/सकती है,Use of can,Negative,Beginner,,Practice Negative sentences for Use of can.
मेरा भाई लेसन पढ़ना नहीं सकता/सकती है।,My brother can not read the lesson.,mera bhai lesson padhna nahi सकता/सकती है,Use of can,Negative,Beginner,,Practice Negative sentences for Use of can.
मेरी बहन वाक्य लिखना नहीं सकता/सकती है।,My sister can not write sentences.,meri bahan vakya likhna nahi सकता/सकती है,Use of can,Negative,Beginner,,Practice Negative sentences for Use of can.
शिक्षक सवाल पूछना नहीं सकता/सकती है।,The teacher can not ask questions.,shikshak sawal poochhna nahi सकता/सकती है,Use of can,Negative,Beginner,,Practice Negative sentences for Use of can.
छात्र कम्युनिकेशन सुधारना नहीं सकता/सकती है।,The student can not improve communication.,chhatra communication sudharna nahi सकता/सकती है,Use of can,Negative,Beginner,,Practice Negative sentences for Use of can.
क्या मैं अंग्रेजी बोलना सकता/सकती है?,Can i speak English?,kya main angrezi bolna सकता/सकती है,Use of can,Yes/No Question,Beginner,,Practice Yes/No Question sentences for Use of can.
क्या आप अंग्रेजी सीखना सकता/सकती है?,Can you learn English?,kya aap angrezi seekhna सकता/सकती है,Use of can,Yes/No Question,Beginner,,Practice Yes/No Question sentences for Use of can.
क्या वह रोज अभ्यास करना सकता/सकती है?,Can he practice daily?,kya vah roz abhyas karna सकता/सकती है,Use of can,Yes/No Question,Beginner,,Practice Yes/No Question sentences for Use of can.
क्या वह क्लास जाना सकता/सकती है?,Can she go to class?,kya vah class jana सकता/सकती है,Use of can,Yes/No Question,Beginner,,Practice Yes/No Question sentences for Use of can.
क्या हम होमवर्क पूरा करना सकता/सकती है?,Can we finish homework?,kya hum homework poora karna सकता/सकती है,Use of can,Yes/No Question,Beginner,,Practice Yes/No Question sentences for Use of can.
क्या वे शिक्षक को फोन करना सकता/सकती है?,Can they call the teacher?,kya ve shikshak ko phone karna सकता/सकती है,Use of can,Yes/No Question,Beginner,,Practice Yes/No Question sentences for Use of can.
क्या मेरा भाई लेसन पढ़ना सकता/सकती है?,Can My brother read the lesson?,kya mera bhai lesson padhna सकता/सकती है,Use of can,Yes/No Question,Beginner,,Practice Yes/No Question sentences for Use of can.
क्या मेरी बहन वाक्य लिखना सकता/सकती है?,Can My sister write sentences?,kya meri bahan vakya likhna सकता/सकती है,Use of can,Yes/No Question,Beginner,,Practice Yes/No Question sentences for Use of can.
क्या शिक्षक सवाल पूछना सकता/सकती है?,Can The teacher ask questions?,kya shikshak sawal poochhna सकता/सकती है,Use of can,Yes/No Question,Beginner,,Practice Yes/No Question sentences for Use of can.
क्या छात्र कम्युनिकेशन सुधारना सकता/सकती है?,Can The student improve communication?,kya chhatra communication sudharna सकता/सकती है,Use of can,Yes/No Question,Beginner,,Practice Yes/No Question sentences for Use of can.
मैं कब अंग्रेजी बोलना सकता/सकती है?,When can i speak English?,main kab angrezi bolna सकता/सकती है,Use of can,Question Word,Beginner,,Practice Question Word sentences for Use of can.
आप कब अंग्रेजी सीखना सकता/सकती है?,When can you learn English?,aap kab angrezi seekhna सकता/सकती है,Use of can,Question Word,Beginner,,Practice Question Word sentences for Use of can.
वह कब रोज अभ्यास करना सकता/सकती है?,When can he practice daily?,vah kab roz abhyas karna सकता/सकती है,Use of can,Question Word,Beginner,,Practice Question Word sentences for Use of can.
वह कब क्लास जाना सकता/सकती है?,When can she go to class?,vah kab class jana सकता/सकती है,Use of can,Question Word,Beginner,,Practice Question Word sentences for Use of can.
हम कब होमवर्क पूरा करना सकता/सकती है?,When can we finish homework?,hum kab homework poora karna सकता/सकती है,Use of can,Question Word,Beginner,,Practice Question Word sentences for Use of can.
वे कब शिक्षक को फोन करना सकता/सकती है?,When can they call the teacher?,ve kab shikshak ko phone karna सकता/सकती है,Use of can,Question Word,Beginner,,Practice Question Word sentences for Use of can.
मेरा भाई कब लेसन पढ़ना सकता/सकती है?,When can My brother read the lesson?,mera bhai kab lesson padhna सकता/सकती है,Use of can,Question Word,Beginner,,Practice Question Word sentences for Use of can.
मेरी बहन कब वाक्य लिखना सकता/सकती है?,When can My sister write sentences?,meri bahan kab vakya likhna सकता/सकती है,Use of can,Question Word,Beginner,,Practice Question Word sentences for Use of can.
शिक्षक कब सवाल पूछना सकता/सकती है?,When can The teacher ask questions?,shikshak kab sawal poochhna सकता/सकती है,Use of can,Question Word,Beginner,,Practice Question Word sentences for Use of can.
छात्र कब कम्युनिकेशन सुधारना सकता/सकती है?,When can The student improve communication?,chhatra kab communication sudharna सकता/सकती है,Use of can,Question Word,Beginner,,Practice Question Word sentences for Use of can.
मैं क्यों अंग्रेजी बोलना नहीं सकता/सकती है?,Why can i not speak English?,main kyon angrezi bolna nahi सकता/सकती है,Use of can,Double Interrogative,Beginner,,Practice Double Interrogative sentences for Use of can.
आप क्यों अंग्रेजी सीखना नहीं सकता/सकती है?,Why can you not learn English?,aap kyon angrezi seekhna nahi सकता/सकती है,Use of can,Double Interrogative,Beginner,,Practice Double Interrogative sentences for Use of can.
वह क्यों रोज अभ्यास करना नहीं सकता/सकती है?,Why can he not practice daily?,vah kyon roz abhyas karna nahi सकता/सकती है,Use of can,Double Interrogative,Beginner,,Practice Double Interrogative sentences for Use of can.
वह क्यों क्लास जाना नहीं सकता/सकती है?,Why can she not go to class?,vah kyon class jana nahi सकता/सकती है,Use of can,Double Interrogative,Beginner,,Practice Double Interrogative sentences for Use of can.
हम क्यों होमवर्क पूरा करना नहीं सकता/सकती है?,Why can we not finish homework?,hum kyon homework poora karna nahi सकता/सकती है,Use of can,Double Interrogative,Beginner,,Practice Double Interrogative sentences for Use of can.
वे क्यों शिक्षक को फोन करना नहीं सकता/सकती है?,Why can they not call the teacher?,ve kyon shikshak ko phone karna nahi सकता/सकती है,Use of can,Double Interrogative,Beginner,,Practice Double Interrogative sentences for Use of can.
मेरा भाई क्यों लेसन पढ़ना नहीं सकता/सकती है?,Why can My brother not read the lesson?,mera bhai kyon lesson padhna nahi सकता/सकती है,Use of can,Double Interrogative,Beginner,,Practice Double Interrogative sentences for Use of can.
मेरी बहन क्यों वाक्य लिखना नहीं सकता/सकती है?,Why can My sister not write sentences?,meri bahan kyon vakya likhna nahi सकता/सकती है,Use of can,Double Interrogative,Beginner,,Practice Double Interrogative sentences for Use of can.
शिक्षक क्यों सवाल पूछना नहीं सकता/सकती है?,Why can The teacher not ask questions?,shikshak kyon sawal poochhna nahi सकता/सकती है,Use of can,Double Interrogative,Beginner,,Practice Double Interrogative sentences for Use of can.
छात्र क्यों कम्युनिकेशन सुधारना नहीं सकता/सकती है?,Why can The student not improve communication?,chhatra kyon communication sudharna nahi सकता/सकती है,Use of can,Double Interrogative,Beginner,,Practice Double Interrogative sentences for Use of can.
मैं अंग्रेजी बोलना सकता/सकती था।,I could speak English.,main angrezi bolna सकता/सकती था,Use of could,Simple,Beginner,,Practice Simple sentences for Use of could.
आप अंग्रेजी सीखना सकता/सकती था।,You could learn English.,aap angrezi seekhna सकता/सकती था,Use of could,Simple,Beginner,,Practice Simple sentences for Use of could.
वह रोज अभ्यास करना सकता/सकती था।,He could practice daily.,vah roz abhyas karna सकता/सकती था,Use of could,Simple,Beginner,,Practice Simple sentences for Use of could.
वह क्लास जाना सकता/सकती था।,She could go to class.,vah class jana सकता/सकती था,Use of could,Simple,Beginner,,Practice Simple sentences for Use of could.
हम होमवर्क पूरा करना सकता/सकती था।,We could finish homework.,hum homework poora karna सकता/सकती था,Use of could,Simple,Beginner,,Practice Simple sentences for Use of could.
वे शिक्षक को फोन करना सकता/सकती था।,They could call the teacher.,ve shikshak ko phone karna सकता/सकती था,Use of could,Simple,Beginner,,Practice Simple sentences for Use of could.
मेरा भाई लेसन पढ़ना सकता/सकती था।,My brother could read the lesson.,mera bhai lesson padhna सकता/सकती था,Use of could,Simple,Beginner,,Practice Simple sentences for Use of could.
मेरी बहन वाक्य लिखना सकता/सकती था।,My sister could write sentences.,meri bahan vakya likhna सकता/सकती था,Use of could,Simple,Beginner,,Practice Simple sentences for Use of could.
शिक्षक सवाल पूछना सकता/सकती था।,The teacher could ask questions.,shikshak sawal poochhna सकता/सकती था,Use of could,Simple,Beginner,,Practice Simple sentences for Use of could.
छात्र कम्युनिकेशन सुधारना सकता/सकती था।,The student could improve communication.,chhatra communication sudharna सकता/सकती था,Use of could,Simple,Beginner,,Practice Simple sentences for Use of could.
मैं अंग्रेजी बोलना नहीं सकता/सकती था।,I could not speak English.,main angrezi bolna nahi सकता/सकती था,Use of could,Negative,Beginner,,Practice Negative sentences for Use of could.
आप अंग्रेजी सीखना नहीं सकता/सकती था।,You could not learn English.,aap angrezi seekhna nahi सकता/सकती था,Use of could,Negative,Beginner,,Practice Negative sentences for Use of could.
वह रोज अभ्यास करना नहीं सकता/सकती था।,He could not practice daily.,vah roz abhyas karna nahi सकता/सकती था,Use of could,Negative,Beginner,,Practice Negative sentences for Use of could.
वह क्लास जाना नहीं सकता/सकती था।,She could not go to class.,vah class jana nahi सकता/सकती था,Use of could,Negative,Beginner,,Practice Negative sentences for Use of could.
हम होमवर्क पूरा करना नहीं सकता/सकती था।,We could not finish homework.,hum homework poora karna nahi सकता/सकती था,Use of could,Negative,Beginner,,Practice Negative sentences for Use of could.
वे शिक्षक को फोन करना नहीं सकता/सकती था।,They could not call the teacher.,ve shikshak ko phone karna nahi सकता/सकती था,Use of could,Negative,Beginner,,Practice Negative sentences for Use of could.
मेरा भाई लेसन पढ़ना नहीं सकता/सकती था।,My brother could not read the lesson.,mera bhai lesson padhna nahi सकता/सकती था,Use of could,Negative,Beginner,,Practice Negative sentences for Use of could.
मेरी बहन वाक्य लिखना नहीं सकता/सकती था।,My sister could not write sentences.,meri bahan vakya likhna nahi सकता/सकती था,Use of could,Negative,Beginner,,Practice Negative sentences for Use of could.
शिक्षक सवाल पूछना नहीं सकता/सकती था।,The teacher could not ask questions.,shikshak sawal poochhna nahi सकता/सकती था,Use of could,Negative,Beginner,,Practice Negative sentences for Use of could.
छात्र कम्युनिकेशन सुधारना नहीं सकता/सकती था।,The student could not improve communication.,chhatra communication sudharna nahi सकता/सकती था,Use of could,Negative,Beginner,,Practice Negative sentences for Use of could.
क्या मैं अंग्रेजी बोलना सकता/सकती था?,Could i speak English?,kya main angrezi bolna सकता/सकती था,Use of could,Yes/No Question,Beginner,,Practice Yes/No Question sentences for Use of could.
क्या आप अंग्रेजी सीखना सकता/सकती था?,Could you learn English?,kya aap angrezi seekhna सकता/सकती था,Use of could,Yes/No Question,Beginner,,Practice Yes/No Question sentences for Use of could.
क्या वह रोज अभ्यास करना सकता/सकती था?,Could he practice daily?,kya vah roz abhyas karna सकता/सकती था,Use of could,Yes/No Question,Beginner,,Practice Yes/No Question sentences for Use of could.
क्या वह क्लास जाना सकता/सकती था?,Could she go to class?,kya vah class jana सकता/सकती था,Use of could,Yes/No Question,Beginner,,Practice Yes/No Question sentences for Use of could.
क्या हम होमवर्क पूरा करना सकता/सकती था?,Could we finish homework?,kya hum homework poora karna सकता/सकती था,Use of could,Yes/No Question,Beginner,,Practice Yes/No Question sentences for Use of could.
क्या वे शिक्षक को फोन करना सकता/सकती था?,Could they call the teacher?,kya ve shikshak ko phone karna सकता/सकती था,Use of could,Yes/No Question,Beginner,,Practice Yes/No Question sentences for Use of could.
क्या मेरा भाई लेसन पढ़ना सकता/सकती था?,Could My brother read the lesson?,kya mera bhai lesson padhna सकता/सकती था,Use of could,Yes/No Question,Beginner,,Practice Yes/No Question sentences for Use of could.
क्या मेरी बहन वाक्य लिखना सकता/सकती था?,Could My sister write sentences?,kya meri bahan vakya likhna सकता/सकती था,Use of could,Yes/No Question,Beginner,,Practice Yes/No Question sentences for Use of could.
क्या शिक्षक सवाल पूछना सकता/सकती था?,Could The teacher ask questions?,kya shikshak sawal poochhna सकता/सकती था,Use of could,Yes/No Question,Beginner,,Practice Yes/No Question sentences for Use of could.
क्या छात्र कम्युनिकेशन सुधारना सकता/सकती था?,Could The student improve communication?,kya chhatra communication sudharna सकता/सकती था,Use of could,Yes/No Question,Beginner,,Practice Yes/No Question sentences for Use of could.
मैं कब अंग्रेजी बोलना सकता/सकती था?,When could i speak English?,main kab angrezi bolna सकता/सकती था,Use of could,Question Word,Beginner,,Practice Question Word sentences for Use of could.
आप कब अंग्रेजी सीखना सकता/सकती था?,When could you learn English?,aap kab angrezi seekhna सकता/सकती था,Use of could,Question Word,Beginner,,Practice Question Word sentences for Use of could.
वह कब रोज अभ्यास करना सकता/सकती था?,When could he practice daily?,vah kab roz abhyas karna सकता/सकती था,Use of could,Question Word,Beginner,,Practice Question Word sentences for Use of could.
वह कब क्लास जाना सकता/सकती था?,When could she go to class?,vah kab class jana सकता/सकती था,Use of could,Question Word,Beginner,,Practice Question Word sentences for Use of could.
हम कब होमवर्क पूरा करना सकता/सकती था?,When could we finish homework?,hum kab homework poora karna सकता/सकती था,Use of could,Question Word,Beginner,,Practice Question Word sentences for Use of could.
वे कब शिक्षक को फोन करना सकता/सकती था?,When could they call the teacher?,ve kab shikshak ko phone karna सकता/सकती था,Use of could,Question Word,Beginner,,Practice Question Word sentences for Use of could.
मेरा भाई कब लेसन पढ़ना सकता/सकती था?,When could My brother read the lesson?,mera bhai kab lesson padhna सकता/सकती था,Use of could,Question Word,Beginner,,Practice Question Word sentences for Use of could.
मेरी बहन कब वाक्य लिखना सकता/सकती था?,When could My sister write sentences?,meri bahan kab vakya likhna सकता/सकती था,Use of could,Question Word,Beginner,,Practice Question Word sentences for Use of could.
शिक्षक कब सवाल पूछना सकता/सकती था?,When could The teacher ask questions?,shikshak kab sawal poochhna सकता/सकती था,Use of could,Question Word,Beginner,,Practice Question Word sentences for Use of could.
छात्र कब कम्युनिकेशन सुधारना सकता/सकती था?,When could The student improve communication?,chhatra kab communication sudharna सकता/सकती था,Use of could,Question Word,Beginner,,Practice Question Word sentences for Use of could.
मैं क्यों अंग्रेजी बोलना नहीं सकता/सकती था?,Why could i not speak English?,main kyon angrezi bolna nahi सकता/सकती था,Use of could,Double Interrogative,Beginner,,Practice Double Interrogative sentences for Use of could.
आप क्यों अंग्रेजी सीखना नहीं सकता/सकती था?,Why could you not learn English?,aap kyon angrezi seekhna nahi सकता/सकती था,Use of could,Double Interrogative,Beginner,,Practice Double Interrogative sentences for Use of could.
वह क्यों रोज अभ्यास करना नहीं सकता/सकती था?,Why could he not practice daily?,vah kyon roz abhyas karna nahi सकता/सकती था,Use of could,Double Interrogative,Beginner,,Practice Double Interrogative sentences for Use of could.
वह क्यों क्लास जाना नहीं सकता/सकती था?,Why could she not go to class?,vah kyon class jana nahi सकता/सकती था,Use of could,Double Interrogative,Beginner,,Practice Double Interrogative sentences for Use of could.
हम क्यों होमवर्क पूरा करना नहीं सकता/सकती था?,Why could we not finish homework?,hum kyon homework poora karna nahi सकता/सकती था,Use of could,Double Interrogative,Beginner,,Practice Double Interrogative sentences for Use of could.
वे क्यों शिक्षक को फोन करना नहीं सकता/सकती था?,Why could they not call the teacher?,ve kyon shikshak ko phone karna nahi सकता/सकती था,Use of could,Double Interrogative,Beginner,,Practice Double Interrogative sentences for Use of could.
मेरा भाई क्यों लेसन पढ़ना नहीं सकता/सकती था?,Why could My brother not read the lesson?,mera bhai kyon lesson padhna nahi सकता/सकती था,Use of could,Double Interrogative,Beginner,,Practice Double Interrogative sentences for Use of could.
मेरी बहन क्यों वाक्य लिखना नहीं सकता/सकती था?,Why could My sister not write sentences?,meri bahan kyon vakya likhna nahi सकता/सकती था,Use of could,Double Interrogative,Beginner,,Practice Double Interrogative sentences for Use of could.
शिक्षक क्यों सवाल पूछना नहीं सकता/सकती था?,Why could The teacher not ask questions?,shikshak kyon sawal poochhna nahi सकता/सकती था,Use of could,Double Interrogative,Beginner,,Practice Double Interrogative sentences for Use of could.
छात्र क्यों कम्युनिकेशन सुधारना नहीं सकता/सकती था?,Why could The student not improve communication?,chhatra kyon communication sudharna nahi सकता/सकती था,Use of could,Double Interrogative,Beginner,,Practice Double Interrogative sentences for Use of could.
मैं अंग्रेजी बोलना चाहिए।,I should speak English.,main angrezi bolna चाहिए,Use of should,Simple,Beginner,,Practice Simple sentences for Use of should.
आप अंग्रेजी सीखना चाहिए।,You should learn English.,aap angrezi seekhna चाहिए,Use of should,Simple,Beginner,,Practice Simple sentences for Use of should.
वह रोज अभ्यास करना चाहिए।,He should practice daily.,vah roz abhyas karna चाहिए,Use of should,Simple,Beginner,,Practice Simple sentences for Use of should.
वह क्लास जाना चाहिए।,She should go to class.,vah class jana चाहिए,Use of should,Simple,Beginner,,Practice Simple sentences for Use of should.
हम होमवर्क पूरा करना चाहिए।,We should finish homework.,hum homework poora karna चाहिए,Use of should,Simple,Beginner,,Practice Simple sentences for Use of should.
वे शिक्षक को फोन करना चाहिए।,They should call the teacher.,ve shikshak ko phone karna चाहिए,Use of should,Simple,Beginner,,Practice Simple sentences for Use of should.
मेरा भाई लेसन पढ़ना चाहिए।,My brother should read the lesson.,mera bhai lesson padhna चाहिए,Use of should,Simple,Beginner,,Practice Simple sentences for Use of should.
मेरी बहन वाक्य लिखना चाहिए।,My sister should write sentences.,meri bahan vakya likhna चाहिए,Use of should,Simple,Beginner,,Practice Simple sentences for Use of should.
शिक्षक सवाल पूछना चाहिए।,The teacher should ask questions.,shikshak sawal poochhna चाहिए,Use of should,Simple,Beginner,,Practice Simple sentences for Use of should.
छात्र कम्युनिकेशन सुधारना चाहिए।,The student should improve communication.,chhatra communication sudharna चाहिए,Use of should,Simple,Beginner,,Practice Simple sentences for Use of should.
मैं अंग्रेजी बोलना नहीं चाहिए।,I should not speak English.,main angrezi bolna nahi चाहिए,Use of should,Negative,Beginner,,Practice Negative sentences for Use of should.
आप अंग्रेजी सीखना नहीं चाहिए।,You should not learn English.,aap angrezi seekhna nahi चाहिए,Use of should,Negative,Beginner,,Practice Negative sentences for Use of should.
वह रोज अभ्यास करना नहीं चाहिए।,He should not practice daily.,vah roz abhyas karna nahi चाहिए,Use of should,Negative,Beginner,,Practice Negative sentences for Use of should.
वह क्लास जाना नहीं चाहिए।,She should not go to class.,vah class jana nahi चाहिए,Use of should,Negative,Beginner,,Practice Negative sentences for Use of should.
हम होमवर्क पूरा करना नहीं चाहिए।,We should not finish homework.,hum homework poora karna nahi चाहिए,Use of should,Negative,Beginner,,Practice Negative sentences for Use of should.
वे शिक्षक को फोन करना नहीं चाहिए।,They should not call the teacher.,ve shikshak ko phone karna nahi चाहिए,Use of should,Negative,Beginner,,Practice Negative sentences for Use of should.
मेरा भाई लेसन पढ़ना नहीं चाहिए।,My brother should not read the lesson.,mera bhai lesson padhna nahi चाहिए,Use of should,Negative,Beginner,,Practice Negative sentences for Use of should.
मेरी बहन वाक्य लिखना नहीं चाहिए।,My sister should not write sentences.,meri bahan vakya likhna nahi चाहिए,Use of should,Negative,Beginner,,Practice Negative sentences for Use of should.
शिक्षक सवाल पूछना नहीं चाहिए।,The teacher should not ask questions.,shikshak sawal poochhna nahi चाहिए,Use of should,Negative,Beginner,,Practice Negative sentences for Use of should.
छात्र कम्युनिकेशन सुधारना नहीं चाहिए।,The student should not improve communication.,chhatra communication sudharna nahi चाहिए,Use of should,Negative,Beginner,,Practice Negative sentences for Use of should.
क्या मैं अंग्रेजी बोलना चाहिए?,Should i speak English?,kya main angrezi bolna चाहिए,Use of should,Yes/No Question,Beginner,,Practice Yes/No Question sentences for Use of should.
क्या आप अंग्रेजी सीखना चाहिए?,Should you learn English?,kya aap angrezi seekhna चाहिए,Use of should,Yes/No Question,Beginner,,Practice Yes/No Question sentences for Use of should.
क्या वह रोज अभ्यास करना चाहिए?,Should he practice daily?,kya vah roz abhyas karna चाहिए,Use of should,Yes/No Question,Beginner,,Practice Yes/No Question sentences for Use of should.
क्या वह क्लास जाना चाहिए?,Should she go to class?,kya vah class jana चाहिए,Use of should,Yes/No Question,Beginner,,Practice Yes/No Question sentences for Use of should.
क्या हम होमवर्क पूरा करना चाहिए?,Should we finish homework?,kya hum homework poora karna चाहिए,Use of should,Yes/No Question,Beginner,,Practice Yes/No Question sentences for Use of should.
क्या वे शिक्षक को फोन करना चाहिए?,Should they call the teacher?,kya ve shikshak ko phone karna चाहिए,Use of should,Yes/No Question,Beginner,,Practice Yes/No Question sentences for Use of should.
क्या मेरा भाई लेसन पढ़ना चाहिए?,Should My brother read the lesson?,kya mera bhai lesson padhna चाहिए,Use of should,Yes/No Question,Beginner,,Practice Yes/No Question sentences for Use of should.
क्या मेरी बहन वाक्य लिखना चाहिए?,Should My sister write sentences?,kya meri bahan vakya likhna चाहिए,Use of should,Yes/No Question,Beginner,,Practice Yes/No Question sentences for Use of should.
क्या शिक्षक सवाल पूछना चाहिए?,Should The teacher ask questions?,kya shikshak sawal poochhna चाहिए,Use of should,Yes/No Question,Beginner,,Practice Yes/No Question sentences for Use of should.
क्या छात्र कम्युनिकेशन सुधारना चाहिए?,Should The student improve communication?,kya chhatra communication sudharna चाहिए,Use of should,Yes/No Question,Beginner,,Practice Yes/No Question sentences for Use of should.
मैं कब अंग्रेजी बोलना चाहिए?,When should i speak English?,main kab angrezi bolna चाहिए,Use of should,Question Word,Beginner,,Practice Question Word sentences for Use of should.
आप कब अंग्रेजी सीखना चाहिए?,When should you learn English?,aap kab angrezi seekhna चाहिए,Use of should,Question Word,Beginner,,Practice Question Word sentences for Use of should.
वह कब रोज अभ्यास करना चाहिए?,When should he practice daily?,vah kab roz abhyas karna चाहिए,Use of should,Question Word,Beginner,,Practice Question Word sentences for Use of should.
वह कब क्लास जाना चाहिए?,When should she go to class?,vah kab class jana चाहिए,Use of should,Question Word,Beginner,,Practice Question Word sentences for Use of should.
हम कब होमवर्क पूरा करना चाहिए?,When should we finish homework?,hum kab homework poora karna चाहिए,Use of should,Question Word,Beginner,,Practice Question Word sentences for Use of should.
वे कब शिक्षक को फोन करना चाहिए?,When should they call the teacher?,ve kab shikshak ko phone karna चाहिए,Use of should,Question Word,Beginner,,Practice Question Word sentences for Use of should.
मेरा भाई कब लेसन पढ़ना चाहिए?,When should My brother read the lesson?,mera bhai kab lesson padhna चाहिए,Use of should,Question Word,Beginner,,Practice Question Word sentences for Use of should.
मेरी बहन कब वाक्य लिखना चाहिए?,When should My sister write sentences?,meri bahan kab vakya likhna चाहिए,Use of should,Question Word,Beginner,,Practice Question Word sentences for Use of should.
शिक्षक कब सवाल पूछना चाहिए?,When should The teacher ask questions?,shikshak kab sawal poochhna चाहिए,Use of should,Question Word,Beginner,,Practice Question Word sentences for Use of should.
छात्र कब कम्युनिकेशन सुधारना चाहिए?,When should The student improve communication?,chhatra kab communication sudharna चाहिए,Use of should,Question Word,Beginner,,Practice Question Word sentences for Use of should.
मैं क्यों अंग्रेजी बोलना नहीं चाहिए?,Why should i not speak English?,main kyon angrezi bolna nahi चाहिए,Use of should,Double Interrogative,Beginner,,Practice Double Interrogative sentences for Use of should.
आप क्यों अंग्रेजी सीखना नहीं चाहिए?,Why should you not learn English?,aap kyon angrezi seekhna nahi चाहिए,Use of should,Double Interrogative,Beginner,,Practice Double Interrogative sentences for Use of should.
वह क्यों रोज अभ्यास करना नहीं चाहिए?,Why should he not practice daily?,vah kyon roz abhyas karna nahi चाहिए,Use of should,Double Interrogative,Beginner,,Practice Double Interrogative sentences for Use of should.
वह क्यों क्लास जाना नहीं चाहिए?,Why should she not go to class?,vah kyon class jana nahi चाहिए,Use of should,Double Interrogative,Beginner,,Practice Double Interrogative sentences for Use of should.
हम क्यों होमवर्क पूरा करना नहीं चाहिए?,Why should we not finish homework?,hum kyon homework poora karna nahi चाहिए,Use of should,Double Interrogative,Beginner,,Practice Double Interrogative sentences for Use of should.
वे क्यों शिक्षक को फोन करना नहीं चाहिए?,Why should they not call the teacher?,ve kyon shikshak ko phone karna nahi चाहिए,Use of should,Double Interrogative,Beginner,,Practice Double Interrogative sentences for Use of should.
मेरा भाई क्यों लेसन पढ़ना नहीं चाहिए?,Why should My brother not read the lesson?,mera bhai kyon lesson padhna nahi चाहिए,Use of should,Double Interrogative,Beginner,,Practice Double Interrogative sentences for Use of should.
मेरी बहन क्यों वाक्य लिखना नहीं चाहिए?,Why should My sister not write sentences?,meri bahan kyon vakya likhna nahi चाहिए,Use of should,Double Interrogative,Beginner,,Practice Double Interrogative sentences for Use of should.
शिक्षक क्यों सवाल पूछना नहीं चाहिए?,Why should The teacher not ask questions?,shikshak kyon sawal poochhna nahi चाहिए,Use of should,Double Interrogative,Beginner,,Practice Double Interrogative sentences for Use of should.
छात्र क्यों कम्युनिकेशन सुधारना नहीं चाहिए?,Why should The student not improve communication?,chhatra kyon communication sudharna nahi चाहिए,Use of should,Double Interrogative,Beginner,,Practice Double Interrogative sentences for Use of should.
मैं अंग्रेजी बोलना करता/करती।,I would speak English.,main angrezi bolna करता/करती,Use of would,Simple,Beginner,,Practice Simple sentences for Use of would.
आप अंग्रेजी सीखना करता/करती।,You would learn English.,aap angrezi seekhna करता/करती,Use of would,Simple,Beginner,,Practice Simple sentences for Use of would.
वह रोज अभ्यास करना करता/करती।,He would practice daily.,vah roz abhyas karna करता/करती,Use of would,Simple,Beginner,,Practice Simple sentences for Use of would.
वह क्लास जाना करता/करती।,She would go to class.,vah class jana करता/करती,Use of would,Simple,Beginner,,Practice Simple sentences for Use of would.
हम होमवर्क पूरा करना करता/करती।,We would finish homework.,hum homework poora karna करता/करती,Use of would,Simple,Beginner,,Practice Simple sentences for Use of would.
वे शिक्षक को फोन करना करता/करती।,They would call the teacher.,ve shikshak ko phone karna करता/करती,Use of would,Simple,Beginner,,Practice Simple sentences for Use of would.
मेरा भाई लेसन पढ़ना करता/करती।,My brother would read the lesson.,mera bhai lesson padhna करता/करती,Use of would,Simple,Beginner,,Practice Simple sentences for Use of would.
मेरी बहन वाक्य लिखना करता/करती।,My sister would write sentences.,meri bahan vakya likhna करता/करती,Use of would,Simple,Beginner,,Practice Simple sentences for Use of would.
शिक्षक सवाल पूछना करता/करती।,The teacher would ask questions.,shikshak sawal poochhna करता/करती,Use of would,Simple,Beginner,,Practice Simple sentences for Use of would.
छात्र कम्युनिकेशन सुधारना करता/करती।,The student would improve communication.,chhatra communication sudharna करता/करती,Use of would,Simple,Beginner,,Practice Simple sentences for Use of would.
मैं अंग्रेजी बोलना नहीं करता/करती।,I would not speak English.,main angrezi bolna nahi करता/करती,Use of would,Negative,Beginner,,Practice Negative sentences for Use of would.
आप अंग्रेजी सीखना नहीं करता/करती।,You would not learn English.,aap angrezi seekhna nahi करता/करती,Use of would,Negative,Beginner,,Practice Negative sentences for Use of would.
वह रोज अभ्यास करना नहीं करता/करती।,He would not practice daily.,vah roz abhyas karna nahi करता/करती,Use of would,Negative,Beginner,,Practice Negative sentences for Use of would.
वह क्लास जाना नहीं करता/करती।,She would not go to class.,vah class jana nahi करता/करती,Use of would,Negative,Beginner,,Practice Negative sentences for Use of would.
हम होमवर्क पूरा करना नहीं करता/करती।,We would not finish homework.,hum homework poora karna nahi करता/करती,Use of would,Negative,Beginner,,Practice Negative sentences for Use of would.
वे शिक्षक को फोन करना नहीं करता/करती।,They would not call the teacher.,ve shikshak ko phone karna nahi करता/करती,Use of would,Negative,Beginner,,Practice Negative sentences for Use of would.
मेरा भाई लेसन पढ़ना नहीं करता/करती।,My brother would not read the lesson.,mera bhai lesson padhna nahi करता/करती,Use of would,Negative,Beginner,,Practice Negative sentences for Use of would.
मेरी बहन वाक्य लिखना नहीं करता/करती।,My sister would not write sentences.,meri bahan vakya likhna nahi करता/करती,Use of would,Negative,Beginner,,Practice Negative sentences for Use of would.
शिक्षक सवाल पूछना नहीं करता/करती।,The teacher would not ask questions.,shikshak sawal poochhna nahi करता/करती,Use of would,Negative,Beginner,,Practice Negative sentences for Use of would.
छात्र कम्युनिकेशन सुधारना नहीं करता/करती।,The student would not improve communication.,chhatra communication sudharna nahi करता/करती,Use of would,Negative,Beginner,,Practice Negative sentences for Use of would.
क्या मैं अंग्रेजी बोलना करता/करती?,Would i speak English?,kya main angrezi bolna करता/करती,Use of would,Yes/No Question,Beginner,,Practice Yes/No Question sentences for Use of would.
क्या आप अंग्रेजी सीखना करता/करती?,Would you learn English?,kya aap angrezi seekhna करता/करती,Use of would,Yes/No Question,Beginner,,Practice Yes/No Question sentences for Use of would.
क्या वह रोज अभ्यास करना करता/करती?,Would he practice daily?,kya vah roz abhyas karna करता/करती,Use of would,Yes/No Question,Beginner,,Practice Yes/No Question sentences for Use of would.
क्या वह क्लास जाना करता/करती?,Would she go to class?,kya vah class jana करता/करती,Use of would,Yes/No Question,Beginner,,Practice Yes/No Question sentences for Use of would.
क्या हम होमवर्क पूरा करना करता/करती?,Would we finish homework?,kya hum homework poora karna करता/करती,Use of would,Yes/No Question,Beginner,,Practice Yes/No Question sentences for Use of would.
क्या वे शिक्षक को फोन करना करता/करती?,Would they call the teacher?,kya ve shikshak ko phone karna करता/करती,Use of would,Yes/No Question,Beginner,,Practice Yes/No Question sentences for Use of would.
क्या मेरा भाई लेसन पढ़ना करता/करती?,Would My brother read the lesson?,kya mera bhai lesson padhna करता/करती,Use of would,Yes/No Question,Beginner,,Practice Yes/No Question sentences for Use of would.
क्या मेरी बहन वाक्य लिखना करता/करती?,Would My sister write sentences?,kya meri bahan vakya likhna करता/करती,Use of would,Yes/No Question,Beginner,,Practice Yes/No Question sentences for Use of would.
क्या शिक्षक सवाल पूछना करता/करती?,Would The teacher ask questions?,kya shikshak sawal poochhna करता/करती,Use of would,Yes/No Question,Beginner,,Practice Yes/No Question sentences for Use of would.
क्या छात्र कम्युनिकेशन सुधारना करता/करती?,Would The student improve communication?,kya chhatra communication sudharna करता/करती,Use of would,Yes/No Question,Beginner,,Practice Yes/No Question sentences for Use of would.
मैं कब अंग्रेजी बोलना करता/करती?,When would i speak English?,main kab angrezi bolna करता/करती,Use of would,Question Word,Beginner,,Practice Question Word sentences for Use of would.
आप कब अंग्रेजी सीखना करता/करती?,When would you learn English?,aap kab angrezi seekhna करता/करती,Use of would,Question Word,Beginner,,Practice Question Word sentences for Use of would.
वह कब रोज अभ्यास करना करता/करती?,When would he practice daily?,vah kab roz abhyas karna करता/करती,Use of would,Question Word,Beginner,,Practice Question Word sentences for Use of would.
वह कब क्लास जाना करता/करती?,When would she go to class?,vah kab class jana करता/करती,Use of would,Question Word,Beginner,,Practice Question Word sentences for Use of would.
हम कब होमवर्क पूरा करना करता/करती?,When would we finish homework?,hum kab homework poora karna करता/करती,Use of would,Question Word,Beginner,,Practice Question Word sentences for Use of would.
वे कब शिक्षक को फोन करना करता/करती?,When would they call the teacher?,ve kab shikshak ko phone karna करता/करती,Use of would,Question Word,Beginner,,Practice Question Word sentences for Use of would.
मेरा भाई कब लेसन पढ़ना करता/करती?,When would My brother read the lesson?,mera bhai kab lesson padhna करता/करती,Use of would,Question Word,Beginner,,Practice Question Word sentences for Use of would.
मेरी बहन कब वाक्य लिखना करता/करती?,When would My sister write sentences?,meri bahan kab vakya likhna करता/करती,Use of would,Question Word,Beginner,,Practice Question Word sentences for Use of would.
शिक्षक कब सवाल पूछना करता/करती?,When would The teacher ask questions?,shikshak kab sawal poochhna करता/करती,Use of would,Question Word,Beginner,,Practice Question Word sentences for Use of would.
छात्र कब कम्युनिकेशन सुधारना करता/करती?,When would The student improve communication?,chhatra kab communication sudharna करता/करती,Use of would,Question Word,Beginner,,Practice Question Word sentences for Use of would.
मैं क्यों अंग्रेजी बोलना नहीं करता/करती?,Why would i not speak English?,main kyon angrezi bolna nahi करता/करती,Use of would,Double Interrogative,Beginner,,Practice Double Interrogative sentences for Use of would.
आप क्यों अंग्रेजी सीखना नहीं करता/करती?,Why would you not learn English?,aap kyon angrezi seekhna nahi करता/करती,Use of would,Double Interrogative,Beginner,,Practice Double Interrogative sentences for Use of would.
वह क्यों रोज अभ्यास करना नहीं करता/करती?,Why would he not practice daily?,vah kyon roz abhyas karna nahi करता/करती,Use of would,Double Interrogative,Beginner,,Practice Double Interrogative sentences for Use of would.
वह क्यों क्लास जाना नहीं करता/करती?,Why would she not go to class?,vah kyon class jana nahi करता/करती,Use of would,Double Interrogative,Beginner,,Practice Double Interrogative sentences for Use of would.
हम क्यों होमवर्क पूरा करना नहीं करता/करती?,Why would we not finish homework?,hum kyon homework poora karna nahi करता/करती,Use of would,Double Interrogative,Beginner,,Practice Double Interrogative sentences for Use of would.
वे क्यों शिक्षक को फोन करना नहीं करता/करती?,Why would they not call the teacher?,ve kyon shikshak ko phone karna nahi करता/करती,Use of would,Double Interrogative,Beginner,,Practice Double Interrogative sentences for Use of would.
मेरा भाई क्यों लेसन पढ़ना नहीं करता/करती?,Why would My brother not read the lesson?,mera bhai kyon lesson padhna nahi करता/करती,Use of would,Double Interrogative,Beginner,,Practice Double Interrogative sentences for Use of would.
मेरी बहन क्यों वाक्य लिखना नहीं करता/करती?,Why would My sister not write sentences?,meri bahan kyon vakya likhna nahi करता/करती,Use of would,Double Interrogative,Beginner,,Practice Double Interrogative sentences for Use of would.
शिक्षक क्यों सवाल पूछना नहीं करता/करती?,Why would The teacher not ask questions?,shikshak kyon sawal poochhna nahi करता/करती,Use of would,Double Interrogative,Beginner,,Practice Double Interrogative sentences for Use of would.
छात्र क्यों कम्युनिकेशन सुधारना नहीं करता/करती?,Why would The student not improve communication?,chhatra kyon communication sudharna nahi करता/करती,Use of would,Double Interrogative,Beginner,,Practice Double Interrogative sentences for Use of would.
मैं अंग्रेजी बोलना चाहता/चाहती है।,I want to speak English.,main angrezi bolna chahta/chahti hai,Use of want to,Simple,Beginner,,Practice Simple sentences for Use of want to.
आप अंग्रेजी सीखना चाहता/चाहती है।,You want to learn English.,aap angrezi seekhna chahta/chahti hai,Use of want to,Simple,Beginner,,Practice Simple sentences for Use of want to.
वह रोज अभ्यास करना चाहता/चाहती है।,He wants to practice daily.,vah roz abhyas karna chahta/chahti hai,Use of want to,Simple,Beginner,,Practice Simple sentences for Use of want to.
वह क्लास जाना चाहता/चाहती है।,She wants to go to class.,vah class jana chahta/chahti hai,Use of want to,Simple,Beginner,,Practice Simple sentences for Use of want to.
हम होमवर्क पूरा करना चाहता/चाहती है।,We want to finish homework.,hum homework poora karna chahta/chahti hai,Use of want to,Simple,Beginner,,Practice Simple sentences for Use of want to.
वे शिक्षक को फोन करना चाहता/चाहती है।,They want to call the teacher.,ve shikshak ko phone karna chahta/chahti hai,Use of want to,Simple,Beginner,,Practice Simple sentences for Use of want to.
मेरा भाई लेसन पढ़ना चाहता/चाहती है।,My brother wants to read the lesson.,mera bhai lesson padhna chahta/chahti hai,Use of want to,Simple,Beginner,,Practice Simple sentences for Use of want to.
मेरी बहन वाक्य लिखना चाहता/चाहती है।,My sister wants to write sentences.,meri bahan vakya likhna chahta/chahti hai,Use of want to,Simple,Beginner,,Practice Simple sentences for Use of want to.
शिक्षक सवाल पूछना चाहता/चाहती है।,The teacher wants to ask questions.,shikshak sawal poochhna chahta/chahti hai,Use of want to,Simple,Beginner,,Practice Simple sentences for Use of want to.
छात्र कम्युनिकेशन सुधारना चाहता/चाहती है।,The student wants to improve communication.,chhatra communication sudharna chahta/chahti hai,Use of want to,Simple,Beginner,,Practice Simple sentences for Use of want to.
मैं अंग्रेजी बोलना नहीं चाहता/चाहती है।,I do not want to speak English.,main angrezi bolna nahi chahta/chahti hai,Use of want to,Negative,Beginner,,Practice Negative sentences for Use of want to.
आप अंग्रेजी सीखना नहीं चाहता/चाहती है।,You do not want to learn English.,aap angrezi seekhna nahi chahta/chahti hai,Use of want to,Negative,Beginner,,Practice Negative sentences for Use of want to.
वह रोज अभ्यास करना नहीं चाहता/चाहती है।,He does not want to practice daily.,vah roz abhyas karna nahi chahta/chahti hai,Use of want to,Negative,Beginner,,Practice Negative sentences for Use of want to.
वह क्लास जाना नहीं चाहता/चाहती है।,She does not want to go to class.,vah class jana nahi chahta/chahti hai,Use of want to,Negative,Beginner,,Practice Negative sentences for Use of want to.
हम होमवर्क पूरा करना नहीं चाहता/चाहती है।,We do not want to finish homework.,hum homework poora karna nahi chahta/chahti hai,Use of want to,Negative,Beginner,,Practice Negative sentences for Use of want to.
वे शिक्षक को फोन करना नहीं चाहता/चाहती है।,They do not want to call the teacher.,ve shikshak ko phone karna nahi chahta/chahti hai,Use of want to,Negative,Beginner,,Practice Negative sentences for Use of want to.
मेरा भाई लेसन पढ़ना नहीं चाहता/चाहती है।,My brother does not want to read the lesson.,mera bhai lesson padhna nahi chahta/chahti hai,Use of want to,Negative,Beginner,,Practice Negative sentences for Use of want to.
मेरी बहन वाक्य लिखना नहीं चाहता/चाहती है।,My sister does not want to write sentences.,meri bahan vakya likhna nahi chahta/chahti hai,Use of want to,Negative,Beginner,,Practice Negative sentences for Use of want to.
शिक्षक सवाल पूछना नहीं चाहता/चाहती है।,The teacher does not want to ask questions.,shikshak sawal poochhna nahi chahta/chahti hai,Use of want to,Negative,Beginner,,Practice Negative sentences for Use of want to.
छात्र कम्युनिकेशन सुधारना नहीं चाहता/चाहती है।,The student does not want to improve communication.,chhatra communication sudharna nahi chahta/chahti hai,Use of want to,Negative,Beginner,,Practice Negative sentences for Use of want to.
क्या मैं अंग्रेजी बोलना चाहता/चाहती है?,Do i want to speak English?,kya main angrezi bolna chahta/chahti hai,Use of want to,Yes/No Question,Beginner,,Practice Yes/No Question sentences for Use of want to.
क्या आप अंग्रेजी सीखना चाहता/चाहती है?,Do you want to learn English?,kya aap angrezi seekhna chahta/chahti hai,Use of want to,Yes/No Question,Beginner,,Practice Yes/No Question sentences for Use of want to.
क्या वह रोज अभ्यास करना चाहता/चाहती है?,Does he want to practice daily?,kya vah roz abhyas karna chahta/chahti hai,Use of want to,Yes/No Question,Beginner,,Practice Yes/No Question sentences for Use of want to.
क्या वह क्लास जाना चाहता/चाहती है?,Does she want to go to class?,kya vah class jana chahta/chahti hai,Use of want to,Yes/No Question,Beginner,,Practice Yes/No Question sentences for Use of want to.
क्या हम होमवर्क पूरा करना चाहता/चाहती है?,Do we want to finish homework?,kya hum homework poora karna chahta/chahti hai,Use of want to,Yes/No Question,Beginner,,Practice Yes/No Question sentences for Use of want to.
क्या वे शिक्षक को फोन करना चाहता/चाहती है?,Do they want to call the teacher?,kya ve shikshak ko phone karna chahta/chahti hai,Use of want to,Yes/No Question,Beginner,,Practice Yes/No Question sentences for Use of want to.
क्या मेरा भाई लेसन पढ़ना चाहता/चाहती है?,Does My brother want to read the lesson?,kya mera bhai lesson padhna chahta/chahti hai,Use of want to,Yes/No Question,Beginner,,Practice Yes/No Question sentences for Use of want to.
क्या मेरी बहन वाक्य लिखना चाहता/चाहती है?,Does My sister want to write sentences?,kya meri bahan vakya likhna chahta/chahti hai,Use of want to,Yes/No Question,Beginner,,Practice Yes/No Question sentences for Use of want to.
क्या शिक्षक सवाल पूछना चाहता/चाहती है?,Does The teacher want to ask questions?,kya shikshak sawal poochhna chahta/chahti hai,Use of want to,Yes/No Question,Beginner,,Practice Yes/No Question sentences for Use of want to.
क्या छात्र कम्युनिकेशन सुधारना चाहता/चाहती है?,Does The student want to improve communication?,kya chhatra communication sudharna chahta/chahti hai,Use of want to,Yes/No Question,Beginner,,Practice Yes/No Question sentences for Use of want to.
मैं क्या करना चाहता/चाहती है?,What does I want to do?,main kya karna chahta/chahti hai,Use of want to,Question Word,Beginner,,Practice Question Word sentences for Use of want to.
आप क्या करना चाहता/चाहती है?,What does You want to do?,aap kya karna chahta/chahti hai,Use of want to,Question Word,Beginner,,Practice Question Word sentences for Use of want to.
वह क्या करना चाहता/चाहती है?,What does he want to do?,vah kya karna chahta/chahti hai,Use of want to,Question Word,Beginner,,Practice Question Word sentences for Use of want to.
वह क्या करना चाहता/चाहती है?,What does she want to do?,vah kya karna chahta/chahti hai,Use of want to,Question Word,Beginner,,Practice Question Word sentences for Use of want to.
हम क्या करना चाहता/चाहती है?,What does We want to do?,hum kya karna chahta/chahti hai,Use of want to,Question Word,Beginner,,Practice Question Word sentences for Use of want to.
वे क्या करना चाहता/चाहती है?,What does They want to do?,ve kya karna chahta/chahti hai,Use of want to,Question Word,Beginner,,Practice Question Word sentences for Use of want to.
मेरा भाई क्या करना चाहता/चाहती है?,What does My brother want to do?,mera bhai kya karna chahta/chahti hai,Use of want to,Question Word,Beginner,,Practice Question Word sentences for Use of want to.
मेरी बहन क्या करना चाहता/चाहती है?,What does My sister want to do?,meri bahan kya karna chahta/chahti hai,Use of want to,Question Word,Beginner,,Practice Question Word sentences for Use of want to.
शिक्षक क्या करना चाहता/चाहती है?,What does The teacher want to do?,shikshak kya karna chahta/chahti hai,Use of want to,Question Word,Beginner,,Practice Question Word sentences for Use of want to.
छात्र क्या करना चाहता/चाहती है?,What does The student want to do?,chhatra kya karna chahta/chahti hai,Use of want to,Question Word,Beginner,,Practice Question Word sentences for Use of want to.
मैं अंग्रेजी बोलना क्यों नहीं चाहता/चाहती है?,Why do i not want to speak English?,main angrezi bolna kyon nahi chahta/chahti hai,Use of want to,Double Interrogative,Beginner,,Practice Double Interrogative sentences for Use of want to.
आप अंग्रेजी सीखना क्यों नहीं चाहता/चाहती है?,Why do you not want to learn English?,aap angrezi seekhna kyon nahi chahta/chahti hai,Use of want to,Double Interrogative,Beginner,,Practice Double Interrogative sentences for Use of want to.
वह रोज अभ्यास करना क्यों नहीं चाहता/चाहती है?,Why does he not want to practice daily?,vah roz abhyas karna kyon nahi chahta/chahti hai,Use of want to,Double Interrogative,Beginner,,Practice Double Interrogative sentences for Use of want to.
वह क्लास जाना क्यों नहीं चाहता/चाहती है?,Why does she not want to go to class?,vah class jana kyon nahi chahta/chahti hai,Use of want to,Double Interrogative,Beginner,,Practice Double Interrogative sentences for Use of want to.
हम होमवर्क पूरा करना क्यों नहीं चाहता/चाहती है?,Why do we not want to finish homework?,hum homework poora karna kyon nahi chahta/chahti hai,Use of want to,Double Interrogative,Beginner,,Practice Double Interrogative sentences for Use of want to.
वे शिक्षक को फोन करना क्यों नहीं चाहता/चाहती है?,Why do they not want to call the teacher?,ve shikshak ko phone karna kyon nahi chahta/chahti hai,Use of want to,Double Interrogative,Beginner,,Practice Double Interrogative sentences for Use of want to.
मेरा भाई लेसन पढ़ना क्यों नहीं चाहता/चाहती है?,Why does My brother not want to read the lesson?,mera bhai lesson padhna kyon nahi chahta/chahti hai,Use of want to,Double Interrogative,Beginner,,Practice Double Interrogative sentences for Use of want to.
मेरी बहन वाक्य लिखना क्यों नहीं चाहता/चाहती है?,Why does My sister not want to write sentences?,meri bahan vakya likhna kyon nahi chahta/chahti hai,Use of want to,Double Interrogative,Beginner,,Practice Double Interrogative sentences for Use of want to.
शिक्षक सवाल पूछना क्यों नहीं चाहता/चाहती है?,Why does The teacher not want to ask questions?,shikshak sawal poochhna kyon nahi chahta/chahti hai,Use of want to,Double Interrogative,Beginner,,Practice Double Interrogative sentences for Use of want to.
छात्र कम्युनिकेशन सुधारना क्यों नहीं चाहता/चाहती है?,Why does The student not want to improve communication?,chhatra communication sudharna kyon nahi chahta/chahti hai,Use of want to,Double Interrogative,Beginner,,Practice Double Interrogative sentences for Use of want to.
मैं को अंग्रेजी बोलना करना है।,I have to speak English.,main ko angrezi bolna करना है,Use of have to/has to,Simple,Beginner,,Practice Simple sentences for Use of have to/has to.
आप को अंग्रेजी सीखना करना है।,You have to learn English.,aap ko angrezi seekhna करना है,Use of have to/has to,Simple,Beginner,,Practice Simple sentences for Use of have to/has to.
वह को रोज अभ्यास करना करना है।,He has to practice daily.,vah ko roz abhyas karna करना है,Use of have to/has to,Simple,Beginner,,Practice Simple sentences for Use of have to/has to.
वह को क्लास जाना करना है।,She has to go to class.,vah ko class jana करना है,Use of have to/has to,Simple,Beginner,,Practice Simple sentences for Use of have to/has to.
हम को होमवर्क पूरा करना करना है।,We have to finish homework.,hum ko homework poora karna करना है,Use of have to/has to,Simple,Beginner,,Practice Simple sentences for Use of have to/has to.
वे को शिक्षक को फोन करना करना है।,They have to call the teacher.,ve ko shikshak ko phone karna करना है,Use of have to/has to,Simple,Beginner,,Practice Simple sentences for Use of have to/has to.
मेरा भाई को लेसन पढ़ना करना है।,My brother has to read the lesson.,mera bhai ko lesson padhna करना है,Use of have to/has to,Simple,Beginner,,Practice Simple sentences for Use of have to/has to.
मेरी बहन को वाक्य लिखना करना है।,My sister has to write sentences.,meri bahan ko vakya likhna करना है,Use of have to/has to,Simple,Beginner,,Practice Simple sentences for Use of have to/has to.
शिक्षक को सवाल पूछना करना है।,The teacher has to ask questions.,shikshak ko sawal poochhna करना है,Use of have to/has to,Simple,Beginner,,Practice Simple sentences for Use of have to/has to.
छात्र को कम्युनिकेशन सुधारना करना है।,The student has to improve communication.,chhatra ko communication sudharna करना है,Use of have to/has to,Simple,Beginner,,Practice Simple sentences for Use of have to/has to.
मैं को अंग्रेजी बोलना नहीं करना है।,I do not have to speak English.,main ko angrezi bolna nahi करना है,Use of have to/has to,Negative,Beginner,,Practice Negative sentences for Use of have to/has to.
आप को अंग्रेजी सीखना नहीं करना है।,You do not have to learn English.,aap ko angrezi seekhna nahi करना है,Use of have to/has to,Negative,Beginner,,Practice Negative sentences for Use of have to/has to.
वह को रोज अभ्यास करना नहीं करना है।,He does not have to practice daily.,vah ko roz abhyas karna nahi करना है,Use of have to/has to,Negative,Beginner,,Practice Negative sentences for Use of have to/has to.
वह को क्लास जाना नहीं करना है।,She does not have to go to class.,vah ko class jana nahi करना है,Use of have to/has to,Negative,Beginner,,Practice Negative sentences for Use of have to/has to.
हम को होमवर्क पूरा करना नहीं करना है।,We do not have to finish homework.,hum ko homework poora karna nahi करना है,Use of have to/has to,Negative,Beginner,,Practice Negative sentences for Use of have to/has to.
वे को शिक्षक को फोन करना नहीं करना है।,They do not have to call the teacher.,ve ko shikshak ko phone karna nahi करना है,Use of have to/has to,Negative,Beginner,,Practice Negative sentences for Use of have to/has to.
मेरा भाई को लेसन पढ़ना नहीं करना है।,My brother does not have to read the lesson.,mera bhai ko lesson padhna nahi करना है,Use of have to/has to,Negative,Beginner,,Practice Negative sentences for Use of have to/has to.
मेरी बहन को वाक्य लिखना नहीं करना है।,My sister does not have to write sentences.,meri bahan ko vakya likhna nahi करना है,Use of have to/has to,Negative,Beginner,,Practice Negative sentences for Use of have to/has to.
शिक्षक को सवाल पूछना नहीं करना है।,The teacher does not have to ask questions.,shikshak ko sawal poochhna nahi करना है,Use of have to/has to,Negative,Beginner,,Practice Negative sentences for Use of have to/has to.
छात्र को कम्युनिकेशन सुधारना नहीं करना है।,The student does not have to improve communication.,chhatra ko communication sudharna nahi करना है,Use of have to/has to,Negative,Beginner,,Practice Negative sentences for Use of have to/has to.
क्या मैं को अंग्रेजी बोलना करना है?,Do i have to speak English?,kya main ko angrezi bolna करना है,Use of have to/has to,Yes/No Question,Beginner,,Practice Yes/No Question sentences for Use of have to/has to.
क्या आप को अंग्रेजी सीखना करना है?,Do you have to learn English?,kya aap ko angrezi seekhna करना है,Use of have to/has to,Yes/No Question,Beginner,,Practice Yes/No Question sentences for Use of have to/has to.
क्या वह को रोज अभ्यास करना करना है?,Does he have to practice daily?,kya vah ko roz abhyas karna करना है,Use of have to/has to,Yes/No Question,Beginner,,Practice Yes/No Question sentences for Use of have to/has to.
क्या वह को क्लास जाना करना है?,Does she have to go to class?,kya vah ko class jana करना है,Use of have to/has to,Yes/No Question,Beginner,,Practice Yes/No Question sentences for Use of have to/has to.
क्या हम को होमवर्क पूरा करना करना है?,Do we have to finish homework?,kya hum ko homework poora karna करना है,Use of have to/has to,Yes/No Question,Beginner,,Practice Yes/No Question sentences for Use of have to/has to.
क्या वे को शिक्षक को फोन करना करना है?,Do they have to call the teacher?,kya ve ko shikshak ko phone karna करना है,Use of have to/has to,Yes/No Question,Beginner,,Practice Yes/No Question sentences for Use of have to/has to.
क्या मेरा भाई को लेसन पढ़ना करना है?,Does My brother have to read the lesson?,kya mera bhai ko lesson padhna करना है,Use of have to/has to,Yes/No Question,Beginner,,Practice Yes/No Question sentences for Use of have to/has to.
क्या मेरी बहन को वाक्य लिखना करना है?,Does My sister have to write sentences?,kya meri bahan ko vakya likhna करना है,Use of have to/has to,Yes/No Question,Beginner,,Practice Yes/No Question sentences for Use of have to/has to.
क्या शिक्षक को सवाल पूछना करना है?,Does The teacher have to ask questions?,kya shikshak ko sawal poochhna करना है,Use of have to/has to,Yes/No Question,Beginner,,Practice Yes/No Question sentences for Use of have to/has to.
क्या छात्र को कम्युनिकेशन सुधारना करना है?,Does The student have to improve communication?,kya chhatra ko communication sudharna करना है,Use of have to/has to,Yes/No Question,Beginner,,Practice Yes/No Question sentences for Use of have to/has to.
मैं को कब अंग्रेजी बोलना करना है?,When do i have to speak English?,main ko kab angrezi bolna करना है,Use of have to/has to,Question Word,Beginner,,Practice Question Word sentences for Use of have to/has to.
आप को कब अंग्रेजी सीखना करना है?,When do you have to learn English?,aap ko kab angrezi seekhna करना है,Use of have to/has to,Question Word,Beginner,,Practice Question Word sentences for Use of have to/has to.
वह को कब रोज अभ्यास करना करना है?,When does he have to practice daily?,vah ko kab roz abhyas karna करना है,Use of have to/has to,Question Word,Beginner,,Practice Question Word sentences for Use of have to/has to.
वह को कब क्लास जाना करना है?,When does she have to go to class?,vah ko kab class jana करना है,Use of have to/has to,Question Word,Beginner,,Practice Question Word sentences for Use of have to/has to.
हम को कब होमवर्क पूरा करना करना है?,When do we have to finish homework?,hum ko kab homework poora karna करना है,Use of have to/has to,Question Word,Beginner,,Practice Question Word sentences for Use of have to/has to.
वे को कब शिक्षक को फोन करना करना है?,When do they have to call the teacher?,ve ko kab shikshak ko phone karna करना है,Use of have to/has to,Question Word,Beginner,,Practice Question Word sentences for Use of have to/has to.
मेरा भाई को कब लेसन पढ़ना करना है?,When does My brother have to read the lesson?,mera bhai ko kab lesson padhna करना है,Use of have to/has to,Question Word,Beginner,,Practice Question Word sentences for Use of have to/has to.
मेरी बहन को कब वाक्य लिखना करना है?,When does My sister have to write sentences?,meri bahan ko kab vakya likhna करना है,Use of have to/has to,Question Word,Beginner,,Practice Question Word sentences for Use of have to/has to.
शिक्षक को कब सवाल पूछना करना है?,When does The teacher have to ask questions?,shikshak ko kab sawal poochhna करना है,Use of have to/has to,Question Word,Beginner,,Practice Question Word sentences for Use of have to/has to.
छात्र को कब कम्युनिकेशन सुधारना करना है?,When does The student have to improve communication?,chhatra ko kab communication sudharna करना है,Use of have to/has to,Question Word,Beginner,,Practice Question Word sentences for Use of have to/has to.
मैं को क्यों अंग्रेजी बोलना नहीं करना है?,Why do i not have to speak English?,main ko kyon angrezi bolna nahi करना है,Use of have to/has to,Double Interrogative,Beginner,,Practice Double Interrogative sentences for Use of have to/has to.
आप को क्यों अंग्रेजी सीखना नहीं करना है?,Why do you not have to learn English?,aap ko kyon angrezi seekhna nahi करना है,Use of have to/has to,Double Interrogative,Beginner,,Practice Double Interrogative sentences for Use of have to/has to.
वह को क्यों रोज अभ्यास करना नहीं करना है?,Why does he not have to practice daily?,vah ko kyon roz abhyas karna nahi करना है,Use of have to/has to,Double Interrogative,Beginner,,Practice Double Interrogative sentences for Use of have to/has to.
वह को क्यों क्लास जाना नहीं करना है?,Why does she not have to go to class?,vah ko kyon class jana nahi करना है,Use of have to/has to,Double Interrogative,Beginner,,Practice Double Interrogative sentences for Use of have to/has to.
हम को क्यों होमवर्क पूरा करना नहीं करना है?,Why do we not have to finish homework?,hum ko kyon homework poora karna nahi करना है,Use of have to/has to,Double Interrogative,Beginner,,Practice Double Interrogative sentences for Use of have to/has to.
वे को क्यों शिक्षक को फोन करना नहीं करना है?,Why do they not have to call the teacher?,ve ko kyon shikshak ko phone karna nahi करना है,Use of have to/has to,Double Interrogative,Beginner,,Practice Double Interrogative sentences for Use of have to/has to.
मेरा भाई को क्यों लेसन पढ़ना नहीं करना है?,Why does My brother not have to read the lesson?,mera bhai ko kyon lesson padhna nahi करना है,Use of have to/has to,Double Interrogative,Beginner,,Practice Double Interrogative sentences for Use of have to/has to.
मेरी बहन को क्यों वाक्य लिखना नहीं करना है?,Why does My sister not have to write sentences?,meri bahan ko kyon vakya likhna nahi करना है,Use of have to/has to,Double Interrogative,Beginner,,Practice Double Interrogative sentences for Use of have to/has to.
शिक्षक को क्यों सवाल पूछना नहीं करना है?,Why does The teacher not have to ask questions?,shikshak ko kyon sawal poochhna nahi करना है,Use of have to/has to,Double Interrogative,Beginner,,Practice Double Interrogative sentences for Use of have to/has to.
छात्र को क्यों कम्युनिकेशन सुधारना नहीं करना है?,Why does The student not have to improve communication?,chhatra ko kyon communication sudharna nahi करना है,Use of have to/has to,Double Interrogative,Beginner,,Practice Double Interrogative sentences for Use of have to/has to.
मैं अंग्रेजी बोलना वाला/वाली है।,I am going to speak English.,main angrezi bolna wala/wali hai,Use of going to,Simple,Beginner,,Practice Simple sentences for Use of going to.
आप अंग्रेजी सीखना वाला/वाली है।,You are going to learn English.,aap angrezi seekhna wala/wali hai,Use of going to,Simple,Beginner,,Practice Simple sentences for Use of going to.
वह रोज अभ्यास करना वाला/वाली है।,He is going to practice daily.,vah roz abhyas karna wala/wali hai,Use of going to,Simple,Beginner,,Practice Simple sentences for Use of going to.
वह क्लास जाना वाला/वाली है।,She is going to go to class.,vah class jana wala/wali hai,Use of going to,Simple,Beginner,,Practice Simple sentences for Use of going to.
हम होमवर्क पूरा करना वाला/वाली है।,We are going to finish homework.,hum homework poora karna wala/wali hai,Use of going to,Simple,Beginner,,Practice Simple sentences for Use of going to.
वे शिक्षक को फोन करना वाला/वाली है।,They are going to call the teacher.,ve shikshak ko phone karna wala/wali hai,Use of going to,Simple,Beginner,,Practice Simple sentences for Use of going to.
मेरा भाई लेसन पढ़ना वाला/वाली है।,My brother is going to read the lesson.,mera bhai lesson padhna wala/wali hai,Use of going to,Simple,Beginner,,Practice Simple sentences for Use of going to.
मेरी बहन वाक्य लिखना वाला/वाली है।,My sister is going to write sentences.,meri bahan vakya likhna wala/wali hai,Use of going to,Simple,Beginner,,Practice Simple sentences for Use of going to.
शिक्षक सवाल पूछना वाला/वाली है।,The teacher is going to ask questions.,shikshak sawal poochhna wala/wali hai,Use of going to,Simple,Beginner,,Practice Simple sentences for Use of going to.
छात्र कम्युनिकेशन सुधारना वाला/वाली है।,The student is going to improve communication.,chhatra communication sudharna wala/wali hai,Use of going to,Simple,Beginner,,Practice Simple sentences for Use of going to.
मैं अंग्रेजी बोलना वाला/वाली नहीं है।,I am not going to speak English.,main angrezi bolna wala/wali nahi hai,Use of going to,Negative,Beginner,,Practice Negative sentences for Use of going to.
आप अंग्रेजी सीखना वाला/वाली नहीं है।,You are not going to learn English.,aap angrezi seekhna wala/wali nahi hai,Use of going to,Negative,Beginner,,Practice Negative sentences for Use of going to.
वह रोज अभ्यास करना वाला/वाली नहीं है।,He is not going to practice daily.,vah roz abhyas karna wala/wali nahi hai,Use of going to,Negative,Beginner,,Practice Negative sentences for Use of going to.
वह क्लास जाना वाला/वाली नहीं है।,She is not going to go to class.,vah class jana wala/wali nahi hai,Use of going to,Negative,Beginner,,Practice Negative sentences for Use of going to.
हम होमवर्क पूरा करना वाला/वाली नहीं है।,We are not going to finish homework.,hum homework poora karna wala/wali nahi hai,Use of going to,Negative,Beginner,,Practice Negative sentences for Use of going to.
वे शिक्षक को फोन करना वाला/वाली नहीं है।,They are not going to call the teacher.,ve shikshak ko phone karna wala/wali nahi hai,Use of going to,Negative,Beginner,,Practice Negative sentences for Use of going to.
मेरा भाई लेसन पढ़ना वाला/वाली नहीं है।,My brother is not going to read the lesson.,mera bhai lesson padhna wala/wali nahi hai,Use of going to,Negative,Beginner,,Practice Negative sentences for Use of going to.
मेरी बहन वाक्य लिखना वाला/वाली नहीं है।,My sister is not going to write sentences.,meri bahan vakya likhna wala/wali nahi hai,Use of going to,Negative,Beginner,,Practice Negative sentences for Use of going to.
शिक्षक सवाल पूछना वाला/वाली नहीं है।,The teacher is not going to ask questions.,shikshak sawal poochhna wala/wali nahi hai,Use of going to,Negative,Beginner,,Practice Negative sentences for Use of going to.
छात्र कम्युनिकेशन सुधारना वाला/वाली नहीं है।,The student is not going to improve communication.,chhatra communication sudharna wala/wali nahi hai,Use of going to,Negative,Beginner,,Practice Negative sentences for Use of going to.
क्या मैं अंग्रेजी बोलना वाला/वाली है?,Am i going to speak English?,kya main angrezi bolna wala/wali hai,Use of going to,Yes/No Question,Beginner,,Practice Yes/No Question sentences for Use of going to.
क्या आप अंग्रेजी सीखना वाला/वाली है?,Are you going to learn English?,kya aap angrezi seekhna wala/wali hai,Use of going to,Yes/No Question,Beginner,,Practice Yes/No Question sentences for Use of going to.
क्या वह रोज अभ्यास करना वाला/वाली है?,Is he going to practice daily?,kya vah roz abhyas karna wala/wali hai,Use of going to,Yes/No Question,Beginner,,Practice Yes/No Question sentences for Use of going to.
क्या वह क्लास जाना वाला/वाली है?,Is she going to go to class?,kya vah class jana wala/wali hai,Use of going to,Yes/No Question,Beginner,,Practice Yes/No Question sentences for Use of going to.
क्या हम होमवर्क पूरा करना वाला/वाली है?,Are we going to finish homework?,kya hum homework poora karna wala/wali hai,Use of going to,Yes/No Question,Beginner,,Practice Yes/No Question sentences for Use of going to.
क्या वे शिक्षक को फोन करना वाला/वाली है?,Are they going to call the teacher?,kya ve shikshak ko phone karna wala/wali hai,Use of going to,Yes/No Question,Beginner,,Practice Yes/No Question sentences for Use of going to.
क्या मेरा भाई लेसन पढ़ना वाला/वाली है?,Is My brother going to read the lesson?,kya mera bhai lesson padhna wala/wali hai,Use of going to,Yes/No Question,Beginner,,Practice Yes/No Question sentences for Use of going to.
क्या मेरी बहन वाक्य लिखना वाला/वाली है?,Is My sister going to write sentences?,kya meri bahan vakya likhna wala/wali hai,Use of going to,Yes/No Question,Beginner,,Practice Yes/No Question sentences for Use of going to.
क्या शिक्षक सवाल पूछना वाला/वाली है?,Is The teacher going to ask questions?,kya shikshak sawal poochhna wala/wali hai,Use of going to,Yes/No Question,Beginner,,Practice Yes/No Question sentences for Use of going to.
क्या छात्र कम्युनिकेशन सुधारना वाला/वाली है?,Is The student going to improve communication?,kya chhatra communication sudharna wala/wali hai,Use of going to,Yes/No Question,Beginner,,Practice Yes/No Question sentences for Use of going to.
मैं कब अंग्रेजी बोलना वाला/वाली है?,When am i going to speak English?,main kab angrezi bolna wala/wali hai,Use of going to,Question Word,Beginner,,Practice Question Word sentences for Use of going to.
आप कब अंग्रेजी सीखना वाला/वाली है?,When are you going to learn English?,aap kab angrezi seekhna wala/wali hai,Use of going to,Question Word,Beginner,,Practice Question Word sentences for Use of going to.
वह कब रोज अभ्यास करना वाला/वाली है?,When is he going to practice daily?,vah kab roz abhyas karna wala/wali hai,Use of going to,Question Word,Beginner,,Practice Question Word sentences for Use of going to.
वह कब क्लास जाना वाला/वाली है?,When is she going to go to class?,vah kab class jana wala/wali hai,Use of going to,Question Word,Beginner,,Practice Question Word sentences for Use of going to.
हम कब होमवर्क पूरा करना वाला/वाली है?,When are we going to finish homework?,hum kab homework poora karna wala/wali hai,Use of going to,Question Word,Beginner,,Practice Question Word sentences for Use of going to.
वे कब शिक्षक को फोन करना वाला/वाली है?,When are they going to call the teacher?,ve kab shikshak ko phone karna wala/wali hai,Use of going to,Question Word,Beginner,,Practice Question Word sentences for Use of going to.
मेरा भाई कब लेसन पढ़ना वाला/वाली है?,When is My brother going to read the lesson?,mera bhai kab lesson padhna wala/wali hai,Use of going to,Question Word,Beginner,,Practice Question Word sentences for Use of going to.
मेरी बहन कब वाक्य लिखना वाला/वाली है?,When is My sister going to write sentences?,meri bahan kab vakya likhna wala/wali hai,Use of going to,Question Word,Beginner,,Practice Question Word sentences for Use of going to.
शिक्षक कब सवाल पूछना वाला/वाली है?,When is The teacher going to ask questions?,shikshak kab sawal poochhna wala/wali hai,Use of going to,Question Word,Beginner,,Practice Question Word sentences for Use of going to.
छात्र कब कम्युनिकेशन सुधारना वाला/वाली है?,When is The student going to improve communication?,chhatra kab communication sudharna wala/wali hai,Use of going to,Question Word,Beginner,,Practice Question Word sentences for Use of going to.
मैं अंग्रेजी बोलना क्यों नहीं वाला/वाली है?,Why am i not going to speak English?,main angrezi bolna kyon nahi wala/wali hai,Use of going to,Double Interrogative,Beginner,,Practice Double Interrogative sentences for Use of going to.
आप अंग्रेजी सीखना क्यों नहीं वाला/वाली है?,Why are you not going to learn English?,aap angrezi seekhna kyon nahi wala/wali hai,Use of going to,Double Interrogative,Beginner,,Practice Double Interrogative sentences for Use of going to.
वह रोज अभ्यास करना क्यों नहीं वाला/वाली है?,Why is he not going to practice daily?,vah roz abhyas karna kyon nahi wala/wali hai,Use of going to,Double Interrogative,Beginner,,Practice Double Interrogative sentences for Use of going to.
वह क्लास जाना क्यों नहीं वाला/वाली है?,Why is she not going to go to class?,vah class jana kyon nahi wala/wali hai,Use of going to,Double Interrogative,Beginner,,Practice Double Interrogative sentences for Use of going to.
हम होमवर्क पूरा करना क्यों नहीं वाला/वाली है?,Why are we not going to finish homework?,hum homework poora karna kyon nahi wala/wali hai,Use of going to,Double Interrogative,Beginner,,Practice Double Interrogative sentences for Use of going to.
वे शिक्षक को फोन करना क्यों नहीं वाला/वाली है?,Why are they not going to call the teacher?,ve shikshak ko phone karna kyon nahi wala/wali hai,Use of going to,Double Interrogative,Beginner,,Practice Double Interrogative sentences for Use of going to.
मेरा भाई लेसन पढ़ना क्यों नहीं वाला/वाली है?,Why is My brother not going to read the lesson?,mera bhai lesson padhna kyon nahi wala/wali hai,Use of going to,Double Interrogative,Beginner,,Practice Double Interrogative sentences for Use of going to.
मेरी बहन वाक्य लिखना क्यों नहीं वाला/वाली है?,Why is My sister not going to write sentences?,meri bahan vakya likhna kyon nahi wala/wali hai,Use of going to,Double Interrogative,Beginner,,Practice Double Interrogative sentences for Use of going to.
शिक्षक सवाल पूछना क्यों नहीं वाला/वाली है?,Why is The teacher not going to ask questions?,shikshak sawal poochhna kyon nahi wala/wali hai,Use of going to,Double Interrogative,Beginner,,Practice Double Interrogative sentences for Use of going to.
छात्र कम्युनिकेशन सुधारना क्यों नहीं वाला/वाली है?,Why is The student not going to improve communication?,chhatra communication sudharna kyon nahi wala/wali hai,Use of going to,Double Interrogative,Beginner,,Practice Double Interrogative sentences for Use of going to.
मैं अभी अंग्रेजी बोलना ही वाला/वाली है।,I am about to speak English.,main abhi angrezi bolna hi wala/wali hai,Use of about to,Simple,Beginner,,Practice Simple sentences for Use of about to.
आप अभी अंग्रेजी सीखना ही वाला/वाली है।,You are about to learn English.,aap abhi angrezi seekhna hi wala/wali hai,Use of about to,Simple,Beginner,,Practice Simple sentences for Use of about to.
वह अभी रोज अभ्यास करना ही वाला/वाली है।,He is about to practice daily.,vah abhi roz abhyas karna hi wala/wali hai,Use of about to,Simple,Beginner,,Practice Simple sentences for Use of about to.
वह अभी क्लास जाना ही वाला/वाली है।,She is about to go to class.,vah abhi class jana hi wala/wali hai,Use of about to,Simple,Beginner,,Practice Simple sentences for Use of about to.
हम अभी होमवर्क पूरा करना ही वाला/वाली है।,We are about to finish homework.,hum abhi homework poora karna hi wala/wali hai,Use of about to,Simple,Beginner,,Practice Simple sentences for Use of about to.
वे अभी शिक्षक को फोन करना ही वाला/वाली है।,They are about to call the teacher.,ve abhi shikshak ko phone karna hi wala/wali hai,Use of about to,Simple,Beginner,,Practice Simple sentences for Use of about to.
मेरा भाई अभी लेसन पढ़ना ही वाला/वाली है।,My brother is about to read the lesson.,mera bhai abhi lesson padhna hi wala/wali hai,Use of about to,Simple,Beginner,,Practice Simple sentences for Use of about to.
मेरी बहन अभी वाक्य लिखना ही वाला/वाली है।,My sister is about to write sentences.,meri bahan abhi vakya likhna hi wala/wali hai,Use of about to,Simple,Beginner,,Practice Simple sentences for Use of about to.
शिक्षक अभी सवाल पूछना ही वाला/वाली है।,The teacher is about to ask questions.,shikshak abhi sawal poochhna hi wala/wali hai,Use of about to,Simple,Beginner,,Practice Simple sentences for Use of about to.
छात्र अभी कम्युनिकेशन सुधारना ही वाला/वाली है।,The student is about to improve communication.,chhatra abhi communication sudharna hi wala/wali hai,Use of about to,Simple,Beginner,,Practice Simple sentences for Use of about to.
मैं अभी अंग्रेजी बोलना वाला/वाली नहीं है।,I am not about to speak English.,main abhi angrezi bolna wala/wali nahi hai,Use of about to,Negative,Beginner,,Practice Negative sentences for Use of about to.
आप अभी अंग्रेजी सीखना वाला/वाली नहीं है।,You are not about to learn English.,aap abhi angrezi seekhna wala/wali nahi hai,Use of about to,Negative,Beginner,,Practice Negative sentences for Use of about to.
वह अभी रोज अभ्यास करना वाला/वाली नहीं है।,He is not about to practice daily.,vah abhi roz abhyas karna wala/wali nahi hai,Use of about to,Negative,Beginner,,Practice Negative sentences for Use of about to.
वह अभी क्लास जाना वाला/वाली नहीं है।,She is not about to go to class.,vah abhi class jana wala/wali nahi hai,Use of about to,Negative,Beginner,,Practice Negative sentences for Use of about to.
हम अभी होमवर्क पूरा करना वाला/वाली नहीं है।,We are not about to finish homework.,hum abhi homework poora karna wala/wali nahi hai,Use of about to,Negative,Beginner,,Practice Negative sentences for Use of about to.
वे अभी शिक्षक को फोन करना वाला/वाली नहीं है।,They are not about to call the teacher.,ve abhi shikshak ko phone karna wala/wali nahi hai,Use of about to,Negative,Beginner,,Practice Negative sentences for Use of about to.
मेरा भाई अभी लेसन पढ़ना वाला/वाली नहीं है।,My brother is not about to read the lesson.,mera bhai abhi lesson padhna wala/wali nahi hai,Use of about to,Negative,Beginner,,Practice Negative sentences for Use of about to.
मेरी बहन अभी वाक्य लिखना वाला/वाली नहीं है।,My sister is not about to write sentences.,meri bahan abhi vakya likhna wala/wali nahi hai,Use of about to,Negative,Beginner,,Practice Negative sentences for Use of about to.
शिक्षक अभी सवाल पूछना वाला/वाली नहीं है।,The teacher is not about to ask questions.,shikshak abhi sawal poochhna wala/wali nahi hai,Use of about to,Negative,Beginner,,Practice Negative sentences for Use of about to.
छात्र अभी कम्युनिकेशन सुधारना वाला/वाली नहीं है।,The student is not about to improve communication.,chhatra abhi communication sudharna wala/wali nahi hai,Use of about to,Negative,Beginner,,Practice Negative sentences for Use of about to.
क्या मैं अभी अंग्रेजी बोलना ही वाला/वाली है?,Am i about to speak English?,kya main abhi angrezi bolna hi wala/wali hai,Use of about to,Yes/No Question,Beginner,,Practice Yes/No Question sentences for Use of about to.
क्या आप अभी अंग्रेजी सीखना ही वाला/वाली है?,Are you about to learn English?,kya aap abhi angrezi seekhna hi wala/wali hai,Use of about to,Yes/No Question,Beginner,,Practice Yes/No Question sentences for Use of about to.
क्या वह अभी रोज अभ्यास करना ही वाला/वाली है?,Is he about to practice daily?,kya vah abhi roz abhyas karna hi wala/wali hai,Use of about to,Yes/No Question,Beginner,,Practice Yes/No Question sentences for Use of about to.
क्या वह अभी क्लास जाना ही वाला/वाली है?,Is she about to go to class?,kya vah abhi class jana hi wala/wali hai,Use of about to,Yes/No Question,Beginner,,Practice Yes/No Question sentences for Use of about to.
क्या हम अभी होमवर्क पूरा करना ही वाला/वाली है?,Are we about to finish homework?,kya hum abhi homework poora karna hi wala/wali hai,Use of about to,Yes/No Question,Beginner,,Practice Yes/No Question sentences for Use of about to.
क्या वे अभी शिक्षक को फोन करना ही वाला/वाली है?,Are they about to call the teacher?,kya ve abhi shikshak ko phone karna hi wala/wali hai,Use of about to,Yes/No Question,Beginner,,Practice Yes/No Question sentences for Use of about to.
क्या मेरा भाई अभी लेसन पढ़ना ही वाला/वाली है?,Is My brother about to read the lesson?,kya mera bhai abhi lesson padhna hi wala/wali hai,Use of about to,Yes/No Question,Beginner,,Practice Yes/No Question sentences for Use of about to.
क्या मेरी बहन अभी वाक्य लिखना ही वाला/वाली है?,Is My sister about to write sentences?,kya meri bahan abhi vakya likhna hi wala/wali hai,Use of about to,Yes/No Question,Beginner,,Practice Yes/No Question sentences for Use of about to.
क्या शिक्षक अभी सवाल पूछना ही वाला/वाली है?,Is The teacher about to ask questions?,kya shikshak abhi sawal poochhna hi wala/wali hai,Use of about to,Yes/No Question,Beginner,,Practice Yes/No Question sentences for Use of about to.
क्या छात्र अभी कम्युनिकेशन सुधारना ही वाला/वाली है?,Is The student about to improve communication?,kya chhatra abhi communication sudharna hi wala/wali hai,Use of about to,Yes/No Question,Beginner,,Practice Yes/No Question sentences for Use of about to.
मैं अभी क्या करने वाला/वाली है?,What am i about to do?,main abhi kya karne wala/wali hai,Use of about to,Question Word,Beginner,,Practice Question Word sentences for Use of about to.
आप अभी क्या करने वाला/वाली है?,What are you about to do?,aap abhi kya karne wala/wali hai,Use of about to,Question Word,Beginner,,Practice Question Word sentences for Use of about to.
वह अभी क्या करने वाला/वाली है?,What is he about to do?,vah abhi kya karne wala/wali hai,Use of about to,Question Word,Beginner,,Practice Question Word sentences for Use of about to.
वह अभी क्या करने वाला/वाली है?,What is she about to do?,vah abhi kya karne wala/wali hai,Use of about to,Question Word,Beginner,,Practice Question Word sentences for Use of about to.
हम अभी क्या करने वाला/वाली है?,What are we about to do?,hum abhi kya karne wala/wali hai,Use of about to,Question Word,Beginner,,Practice Question Word sentences for Use of about to.
वे अभी क्या करने वाला/वाली है?,What are they about to do?,ve abhi kya karne wala/wali hai,Use of about to,Question Word,Beginner,,Practice Question Word sentences for Use of about to.
मेरा भाई अभी क्या करने वाला/वाली है?,What is My brother about to do?,mera bhai abhi kya karne wala/wali hai,Use of about to,Question Word,Beginner,,Practice Question Word sentences for Use of about to.
मेरी बहन अभी क्या करने वाला/वाली है?,What is My sister about to do?,meri bahan abhi kya karne wala/wali hai,Use of about to,Question Word,Beginner,,Practice Question Word sentences for Use of about to.
शिक्षक अभी क्या करने वाला/वाली है?,What is The teacher about to do?,shikshak abhi kya karne wala/wali hai,Use of about to,Question Word,Beginner,,Practice Question Word sentences for Use of about to.
छात्र अभी क्या करने वाला/वाली है?,What is The student about to do?,chhatra abhi kya karne wala/wali hai,Use of about to,Question Word,Beginner,,Practice Question Word sentences for Use of about to.
मैं अभी अंग्रेजी बोलना क्यों नहीं वाला/वाली है?,Why am i not about to speak English?,main abhi angrezi bolna kyon nahi wala/wali hai,Use of about to,Double Interrogative,Beginner,,Practice Double Interrogative sentences for Use of about to.
आप अभी अंग्रेजी सीखना क्यों नहीं वाला/वाली है?,Why are you not about to learn English?,aap abhi angrezi seekhna kyon nahi wala/wali hai,Use of about to,Double Interrogative,Beginner,,Practice Double Interrogative sentences for Use of about to.
वह अभी रोज अभ्यास करना क्यों नहीं वाला/वाली है?,Why is he not about to practice daily?,vah abhi roz abhyas karna kyon nahi wala/wali hai,Use of about to,Double Interrogative,Beginner,,Practice Double Interrogative sentences for Use of about to.
वह अभी क्लास जाना क्यों नहीं वाला/वाली है?,Why is she not about to go to class?,vah abhi class jana kyon nahi wala/wali hai,Use of about to,Double Interrogative,Beginner,,Practice Double Interrogative sentences for Use of about to.
हम अभी होमवर्क पूरा करना क्यों नहीं वाला/वाली है?,Why are we not about to finish homework?,hum abhi homework poora karna kyon nahi wala/wali hai,Use of about to,Double Interrogative,Beginner,,Practice Double Interrogative sentences for Use of about to.
वे अभी शिक्षक को फोन करना क्यों नहीं वाला/वाली है?,Why are they not about to call the teacher?,ve abhi shikshak ko phone karna kyon nahi wala/wali hai,Use of about to,Double Interrogative,Beginner,,Practice Double Interrogative sentences for Use of about to.
मेरा भाई अभी लेसन पढ़ना क्यों नहीं वाला/वाली है?,Why is My brother not about to read the lesson?,mera bhai abhi lesson padhna kyon nahi wala/wali hai,Use of about to,Double Interrogative,Beginner,,Practice Double Interrogative sentences for Use of about to.
मेरी बहन अभी वाक्य लिखना क्यों नहीं वाला/वाली है?,Why is My sister not about to write sentences?,meri bahan abhi vakya likhna kyon nahi wala/wali hai,Use of about to,Double Interrogative,Beginner,,Practice Double Interrogative sentences for Use of about to.
शिक्षक अभी सवाल पूछना क्यों नहीं वाला/वाली है?,Why is The teacher not about to ask questions?,shikshak abhi sawal poochhna kyon nahi wala/wali hai,Use of about to,Double Interrogative,Beginner,,Practice Double Interrogative sentences for Use of about to.
छात्र अभी कम्युनिकेशन सुधारना क्यों नहीं वाला/वाली है?,Why is The student not about to improve communication?,chhatra abhi communication sudharna kyon nahi wala/wali hai,Use of about to,Double Interrogative,Beginner,,Practice Double Interrogative sentences for Use of about to.
वहाँ दिल्ली में एक मौका है।,There is an opportunity in the Delhi.,wahan Delhi mein ek mauka hai,Use of there is/there are,Simple,Beginner,,Practice Simple sentences for Use of there is/there are.
वहाँ स्कूल में एक मौका है।,There is an opportunity in the school.,wahan school mein ek mauka hai,Use of there is/there are,Simple,Beginner,,Practice Simple sentences for Use of there is/there are.
वहाँ ऑफिस में एक मौका है।,There is an opportunity in the office.,wahan office mein ek mauka hai,Use of there is/there are,Simple,Beginner,,Practice Simple sentences for Use of there is/there are.
वहाँ बाजार में एक मौका है।,There is an opportunity in the market.,wahan bazaar mein ek mauka hai,Use of there is/there are,Simple,Beginner,,Practice Simple sentences for Use of there is/there are.
वहाँ क्लास में एक मौका है।,There is an opportunity in the class.,wahan class mein ek mauka hai,Use of there is/there are,Simple,Beginner,,Practice Simple sentences for Use of there is/there are.
वहाँ घर में एक मौका है।,There is an opportunity in the home.,wahan ghar mein ek mauka hai,Use of there is/there are,Simple,Beginner,,Practice Simple sentences for Use of there is/there are.
वहाँ इंटरव्यू में एक मौका है।,There is an opportunity in the interview.,wahan interview mein ek mauka hai,Use of there is/there are,Simple,Beginner,,Practice Simple sentences for Use of there is/there are.
वहाँ मीटिंग में एक मौका है।,There is an opportunity in the meeting.,wahan meeting mein ek mauka hai,Use of there is/there are,Simple,Beginner,,Practice Simple sentences for Use of there is/there are.
वहाँ दुकान में एक मौका है।,There is an opportunity in the shop.,wahan dukan mein ek mauka hai,Use of there is/there are,Simple,Beginner,,Practice Simple sentences for Use of there is/there are.
वहाँ स्टेशन में एक मौका है।,There is an opportunity in the station.,wahan station mein ek mauka hai,Use of there is/there are,Simple,Beginner,,Practice Simple sentences for Use of there is/there are.
वहाँ दिल्ली में कोई मौका नहीं है।,There is no opportunity in the Delhi.,wahan Delhi mein koi mauka nahi hai,Use of there is/there are,Negative,Beginner,,Practice Negative sentences for Use of there is/there are.
वहाँ स्कूल में कोई मौका नहीं है।,There is no opportunity in the school.,wahan school mein koi mauka nahi hai,Use of there is/there are,Negative,Beginner,,Practice Negative sentences for Use of there is/there are.
वहाँ ऑफिस में कोई मौका नहीं है।,There is no opportunity in the office.,wahan office mein koi mauka nahi hai,Use of there is/there are,Negative,Beginner,,Practice Negative sentences for Use of there is/there are.
वहाँ बाजार में कोई मौका नहीं है।,There is no opportunity in the market.,wahan bazaar mein koi mauka nahi hai,Use of there is/there are,Negative,Beginner,,Practice Negative sentences for Use of there is/there are.
वहाँ क्लास में कोई मौका नहीं है।,There is no opportunity in the class.,wahan class mein koi mauka nahi hai,Use of there is/there are,Negative,Beginner,,Practice Negative sentences for Use of there is/there are.
वहाँ घर में कोई मौका नहीं है।,There is no opportunity in the home.,wahan ghar mein koi mauka nahi hai,Use of there is/there are,Negative,Beginner,,Practice Negative sentences for Use of there is/there are.
वहाँ इंटरव्यू में कोई मौका नहीं है।,There is no opportunity in the interview.,wahan interview mein koi mauka nahi hai,Use of there is/there are,Negative,Beginner,,Practice Negative sentences for Use of there is/there are.
वहाँ मीटिंग में कोई मौका नहीं है।,There is no opportunity in the meeting.,wahan meeting mein koi mauka nahi hai,Use of there is/there are,Negative,Beginner,,Practice Negative sentences for Use of there is/there are.
वहाँ दुकान में कोई मौका नहीं है।,There is no opportunity in the shop.,wahan dukan mein koi mauka nahi hai,Use of there is/there are,Negative,Beginner,,Practice Negative sentences for Use of there is/there are.
वहाँ स्टेशन में कोई मौका नहीं है।,There is no opportunity in the station.,wahan station mein koi mauka nahi hai,Use of there is/there are,Negative,Beginner,,Practice Negative sentences for Use of there is/there are.
क्या वहाँ दिल्ली में कोई मौका है?,Is there any opportunity in the Delhi?,kya wahan Delhi mein koi mauka hai,Use of there is/there are,Yes/No Question,Beginner,,Practice Yes/No Question sentences for Use of there is/there are.
क्या वहाँ स्कूल में कोई मौका है?,Is there any opportunity in the school?,kya wahan school mein koi mauka hai,Use of there is/there are,Yes/No Question,Beginner,,Practice Yes/No Question sentences for Use of there is/there are.
क्या वहाँ ऑफिस में कोई मौका है?,Is there any opportunity in the office?,kya wahan office mein koi mauka hai,Use of there is/there are,Yes/No Question,Beginner,,Practice Yes/No Question sentences for Use of there is/there are.
क्या वहाँ बाजार में कोई मौका है?,Is there any opportunity in the market?,kya wahan bazaar mein koi mauka hai,Use of there is/there are,Yes/No Question,Beginner,,Practice Yes/No Question sentences for Use of there is/there are.
क्या वहाँ क्लास में कोई मौका है?,Is there any opportunity in the class?,kya wahan class mein koi mauka hai,Use of there is/there are,Yes/No Question,Beginner,,Practice Yes/No Question sentences for Use of there is/there are.
क्या वहाँ घर में कोई मौका है?,Is there any opportunity in the home?,kya wahan ghar mein koi mauka hai,Use of there is/there are,Yes/No Question,Beginner,,Practice Yes/No Question sentences for Use of there is/there are.
क्या वहाँ इंटरव्यू में कोई मौका है?,Is there any opportunity in the interview?,kya wahan interview mein koi mauka hai,Use of there is/there are,Yes/No Question,Beginner,,Practice Yes/No Question sentences for Use of there is/there are.
क्या वहाँ मीटिंग में कोई मौका है?,Is there any opportunity in the meeting?,kya wahan meeting mein koi mauka hai,Use of there is/there are,Yes/No Question,Beginner,,Practice Yes/No Question sentences for Use of there is/there are.
क्या वहाँ दुकान में कोई मौका है?,Is there any opportunity in the shop?,kya wahan dukan mein koi mauka hai,Use of there is/there are,Yes/No Question,Beginner,,Practice Yes/No Question sentences for Use of there is/there are.
क्या वहाँ स्टेशन में कोई मौका है?,Is there any opportunity in the station?,kya wahan station mein koi mauka hai,Use of there is/there are,Yes/No Question,Beginner,,Practice Yes/No Question sentences for Use of there is/there are.
वहाँ दिल्ली में क्या है?,What is there in the Delhi?,wahan Delhi mein kya hai,Use of there is/there are,Question Word,Beginner,,Practice Question Word sentences for Use of there is/there are.
वहाँ स्कूल में क्या है?,What is there in the school?,wahan school mein kya hai,Use of there is/there are,Question Word,Beginner,,Practice Question Word sentences for Use of there is/there are.
वहाँ ऑफिस में क्या है?,What is there in the office?,wahan office mein kya hai,Use of there is/there are,Question Word,Beginner,,Practice Question Word sentences for Use of there is/there are.
वहाँ बाजार में क्या है?,What is there in the market?,wahan bazaar mein kya hai,Use of there is/there are,Question Word,Beginner,,Practice Question Word sentences for Use of there is/there are.
वहाँ क्लास में क्या है?,What is there in the class?,wahan class mein kya hai,Use of there is/there are,Question Word,Beginner,,Practice Question Word sentences for Use of there is/there are.
वहाँ घर में क्या है?,What is there in the home?,wahan ghar mein kya hai,Use of there is/there are,Question Word,Beginner,,Practice Question Word sentences for Use of there is/there are.
वहाँ इंटरव्यू में क्या है?,What is there in the interview?,wahan interview mein kya hai,Use of there is/there are,Question Word,Beginner,,Practice Question Word sentences for Use of there is/there are.
वहाँ मीटिंग में क्या है?,What is there in the meeting?,wahan meeting mein kya hai,Use of there is/there are,Question Word,Beginner,,Practice Question Word sentences for Use of there is/there are.
वहाँ दुकान में क्या है?,What is there in the shop?,wahan dukan mein kya hai,Use of there is/there are,Question Word,Beginner,,Practice Question Word sentences for Use of there is/there are.
वहाँ स्टेशन में क्या है?,What is there in the station?,wahan station mein kya hai,Use of there is/there are,Question Word,Beginner,,Practice Question Word sentences for Use of there is/there are.
वहाँ दिल्ली में कोई मौका क्यों नहीं है?,Why is there no opportunity in the Delhi?,wahan Delhi mein koi mauka kyon nahi hai,Use of there is/there are,Double Interrogative,Beginner,,Practice Double Interrogative sentences for Use of there is/there are.
वहाँ स्कूल में कोई मौका क्यों नहीं है?,Why is there no opportunity in the school?,wahan school mein koi mauka kyon nahi hai,Use of there is/there are,Double Interrogative,Beginner,,Practice Double Interrogative sentences for Use of there is/there are.
वहाँ ऑफिस में कोई मौका क्यों नहीं है?,Why is there no opportunity in the office?,wahan office mein koi mauka kyon nahi hai,Use of there is/there are,Double Interrogative,Beginner,,Practice Double Interrogative sentences for Use of there is/there are.
वहाँ बाजार में कोई मौका क्यों नहीं है?,Why is there no opportunity in the market?,wahan bazaar mein koi mauka kyon nahi hai,Use of there is/there are,Double Interrogative,Beginner,,Practice Double Interrogative sentences for Use of there is/there are.
वहाँ क्लास में कोई मौका क्यों नहीं है?,Why is there no opportunity in the class?,wahan class mein koi mauka kyon nahi hai,Use of there is/there are,Double Interrogative,Beginner,,Practice Double Interrogative sentences for Use of there is/there are.
वहाँ घर में कोई मौका क्यों नहीं है?,Why is there no opportunity in the home?,wahan ghar mein koi mauka kyon nahi hai,Use of there is/there are,Double Interrogative,Beginner,,Practice Double Interrogative sentences for Use of there is/there are.
वहाँ इंटरव्यू में कोई मौका क्यों नहीं है?,Why is there no opportunity in the interview?,wahan interview mein koi mauka kyon nahi hai,Use of there is/there are,Double Interrogative,Beginner,,Practice Double Interrogative sentences for Use of there is/there are.
वहाँ मीटिंग में कोई मौका क्यों नहीं है?,Why is there no opportunity in the meeting?,wahan meeting mein koi mauka kyon nahi hai,Use of there is/there are,Double Interrogative,Beginner,,Practice Double Interrogative sentences for Use of there is/there are.
वहाँ दुकान में कोई मौका क्यों नहीं है?,Why is there no opportunity in the shop?,wahan dukan mein koi mauka kyon nahi hai,Use of there is/there are,Double Interrogative,Beginner,,Practice Double Interrogative sentences for Use of there is/there are.
वहाँ स्टेशन में कोई मौका क्यों नहीं है?,Why is there no opportunity in the station?,wahan station mein koi mauka kyon nahi hai,Use of there is/there are,Double Interrogative,Beginner,,Practice Double Interrogative sentences for Use of there is/there are.
मैं रोज बोलता/बोलती है।,I speak English every day.,main roz बोलता/बोलती hai,Present Indefinite / Simple Present,Simple,Beginner,,Practice Simple sentences for Present Indefinite / Simple Present.
आप रोज सीखता/सीखती है।,You learn English every day.,aap roz सीखता/सीखती hai,Present Indefinite / Simple Present,Simple,Beginner,,Practice Simple sentences for Present Indefinite / Simple Present.
वह रोज अभ्यास करता/करती है।,He practices daily.,vah roz अभ्यास करता/करती hai,Present Indefinite / Simple Present,Simple,Beginner,,Practice Simple sentences for Present Indefinite / Simple Present.
वह रोज जाता/जाती है।,She goes daily.,vah roz जाता/जाती hai,Present Indefinite / Simple Present,Simple,Beginner,,Practice Simple sentences for Present Indefinite / Simple Present.
हम रोज पूरा करता/करती है।,We finish daily.,hum roz पूरा करता/करती hai,Present Indefinite / Simple Present,Simple,Beginner,,Practice Simple sentences for Present Indefinite / Simple Present.
वे रोज फोन करता/करती है।,They call daily.,ve roz फोन करता/करती hai,Present Indefinite / Simple Present,Simple,Beginner,,Practice Simple sentences for Present Indefinite / Simple Present.
मेरा भाई रोज पढ़ता/पढ़ती है।,My brother reads daily.,mera bhai roz पढ़ता/पढ़ती hai,Present Indefinite / Simple Present,Simple,Beginner,,Practice Simple sentences for Present Indefinite / Simple Present.
मेरी बहन रोज लिखता/लिखती है।,My sister writes daily.,meri bahan roz लिखता/लिखती hai,Present Indefinite / Simple Present,Simple,Beginner,,Practice Simple sentences for Present Indefinite / Simple Present.
शिक्षक रोज पूछता/पूछती है।,The teacher asks daily.,shikshak roz पूछता/पूछती hai,Present Indefinite / Simple Present,Simple,Beginner,,Practice Simple sentences for Present Indefinite / Simple Present.
छात्र रोज सुधारता/सुधारती है।,The student improves daily.,chhatra roz सुधारता/सुधारती hai,Present Indefinite / Simple Present,Simple,Beginner,,Practice Simple sentences for Present Indefinite / Simple Present.
मैं रोज बोलता/बोलती नहीं है।,I do not speak English every day.,main roz बोलता/बोलती nahi hai,Present Indefinite / Simple Present,Negative,Beginner,,Practice Negative sentences for Present Indefinite / Simple Present.
आप रोज सीखता/सीखती नहीं है।,You do not learn English every day.,aap roz सीखता/सीखती nahi hai,Present Indefinite / Simple Present,Negative,Beginner,,Practice Negative sentences for Present Indefinite / Simple Present.
वह रोज अभ्यास करता/करती नहीं है।,He does not practice daily.,vah roz अभ्यास करता/करती nahi hai,Present Indefinite / Simple Present,Negative,Beginner,,Practice Negative sentences for Present Indefinite / Simple Present.
वह रोज जाता/जाती नहीं है।,She does not go daily.,vah roz जाता/जाती nahi hai,Present Indefinite / Simple Present,Negative,Beginner,,Practice Negative sentences for Present Indefinite / Simple Present.
हम रोज पूरा करता/करती नहीं है।,We do not finish daily.,hum roz पूरा करता/करती nahi hai,Present Indefinite / Simple Present,Negative,Beginner,,Practice Negative sentences for Present Indefinite / Simple Present.
वे रोज फोन करता/करती नहीं है।,They do not call daily.,ve roz फोन करता/करती nahi hai,Present Indefinite / Simple Present,Negative,Beginner,,Practice Negative sentences for Present Indefinite / Simple Present.
मेरा भाई रोज पढ़ता/पढ़ती नहीं है।,My brother does not read daily.,mera bhai roz पढ़ता/पढ़ती nahi hai,Present Indefinite / Simple Present,Negative,Beginner,,Practice Negative sentences for Present Indefinite / Simple Present.
मेरी बहन रोज लिखता/लिखती नहीं है।,My sister does not write daily.,meri bahan roz लिखता/लिखती nahi hai,Present Indefinite / Simple Present,Negative,Beginner,,Practice Negative sentences for Present Indefinite / Simple Present.
शिक्षक रोज पूछता/पूछती नहीं है।,The teacher does not ask daily.,shikshak roz पूछता/पूछती nahi hai,Present Indefinite / Simple Present,Negative,Beginner,,Practice Negative sentences for Present Indefinite / Simple Present.
छात्र रोज सुधारता/सुधारती नहीं है।,The student does not improve daily.,chhatra roz सुधारता/सुधारती nahi hai,Present Indefinite / Simple Present,Negative,Beginner,,Practice Negative sentences for Present Indefinite / Simple Present.
क्या मैं रोज बोलता/बोलती है?,Do i speak English every day?,kya main roz बोलता/बोलती hai,Present Indefinite / Simple Present,Yes/No Question,Beginner,,Practice Yes/No Question sentences for Present Indefinite / Simple Present.
क्या आप रोज सीखता/सीखती है?,Do you learn English every day?,kya aap roz सीखता/सीखती hai,Present Indefinite / Simple Present,Yes/No Question,Beginner,,Practice Yes/No Question sentences for Present Indefinite / Simple Present.
क्या वह रोज अभ्यास करता/करती है?,Does he practice daily?,kya vah roz अभ्यास करता/करती hai,Present Indefinite / Simple Present,Yes/No Question,Beginner,,Practice Yes/No Question sentences for Present Indefinite / Simple Present.
क्या वह रोज जाता/जाती है?,Does she go daily?,kya vah roz जाता/जाती hai,Present Indefinite / Simple Present,Yes/No Question,Beginner,,Practice Yes/No Question sentences for Present Indefinite / Simple Present.
क्या हम रोज पूरा करता/करती है?,Do we finish daily?,kya hum roz पूरा करता/करती hai,Present Indefinite / Simple Present,Yes/No Question,Beginner,,Practice Yes/No Question sentences for Present Indefinite / Simple Present.
क्या वे रोज फोन करता/करती है?,Do they call daily?,kya ve roz फोन करता/करती hai,Present Indefinite / Simple Present,Yes/No Question,Beginner,,Practice Yes/No Question sentences for Present Indefinite / Simple Present.
क्या मेरा भाई रोज पढ़ता/पढ़ती है?,Does My brother read daily?,kya mera bhai roz पढ़ता/पढ़ती hai,Present Indefinite / Simple Present,Yes/No Question,Beginner,,Practice Yes/No Question sentences for Present Indefinite / Simple Present.
क्या मेरी बहन रोज लिखता/लिखती है?,Does My sister write daily?,kya meri bahan roz लिखता/लिखती hai,Present Indefinite / Simple Present,Yes/No Question,Beginner,,Practice Yes/No Question sentences for Present Indefinite / Simple Present.
क्या शिक्षक रोज पूछता/पूछती है?,Does The teacher ask daily?,kya shikshak roz पूछता/पूछती hai,Present Indefinite / Simple Present,Yes/No Question,Beginner,,Practice Yes/No Question sentences for Present Indefinite / Simple Present.
क्या छात्र रोज सुधारता/सुधारती है?,Does The student improve daily?,kya chhatra roz सुधारता/सुधारती hai,Present Indefinite / Simple Present,Yes/No Question,Beginner,,Practice Yes/No Question sentences for Present Indefinite / Simple Present.
मैं कब बोलता/बोलती है?,When do i speak English every day?,main kab बोलता/बोलती hai,Present Indefinite / Simple Present,Question Word,Beginner,,Practice Question Word sentences for Present Indefinite / Simple Present.
आप कब सीखता/सीखती है?,When do you learn English every day?,aap kab सीखता/सीखती hai,Present Indefinite / Simple Present,Question Word,Beginner,,Practice Question Word sentences for Present Indefinite / Simple Present.
वह कब अभ्यास करता/करती है?,When does he practice daily?,vah kab अभ्यास करता/करती hai,Present Indefinite / Simple Present,Question Word,Beginner,,Practice Question Word sentences for Present Indefinite / Simple Present.
वह कब जाता/जाती है?,When does she go daily?,vah kab जाता/जाती hai,Present Indefinite / Simple Present,Question Word,Beginner,,Practice Question Word sentences for Present Indefinite / Simple Present.
हम कब पूरा करता/करती है?,When do we finish daily?,hum kab पूरा करता/करती hai,Present Indefinite / Simple Present,Question Word,Beginner,,Practice Question Word sentences for Present Indefinite / Simple Present.
वे कब फोन करता/करती है?,When do they call daily?,ve kab फोन करता/करती hai,Present Indefinite / Simple Present,Question Word,Beginner,,Practice Question Word sentences for Present Indefinite / Simple Present.
मेरा भाई कब पढ़ता/पढ़ती है?,When does My brother read daily?,mera bhai kab पढ़ता/पढ़ती hai,Present Indefinite / Simple Present,Question Word,Beginner,,Practice Question Word sentences for Present Indefinite / Simple Present.
मेरी बहन कब लिखता/लिखती है?,When does My sister write daily?,meri bahan kab लिखता/लिखती hai,Present Indefinite / Simple Present,Question Word,Beginner,,Practice Question Word sentences for Present Indefinite / Simple Present.
शिक्षक कब पूछता/पूछती है?,When does The teacher ask daily?,shikshak kab पूछता/पूछती hai,Present Indefinite / Simple Present,Question Word,Beginner,,Practice Question Word sentences for Present Indefinite / Simple Present.
छात्र कब सुधारता/सुधारती है?,When does The student improve daily?,chhatra kab सुधारता/सुधारती hai,Present Indefinite / Simple Present,Question Word,Beginner,,Practice Question Word sentences for Present Indefinite / Simple Present.
मैं रोज बोलता/बोलती क्यों नहीं है?,Why do i not speak English every day?,main roz बोलता/बोलती kyon nahi hai,Present Indefinite / Simple Present,Double Interrogative,Beginner,,Practice Double Interrogative sentences for Present Indefinite / Simple Present.
आप रोज सीखता/सीखती क्यों नहीं है?,Why do you not learn English every day?,aap roz सीखता/सीखती kyon nahi hai,Present Indefinite / Simple Present,Double Interrogative,Beginner,,Practice Double Interrogative sentences for Present Indefinite / Simple Present.
वह रोज अभ्यास करता/करती क्यों नहीं है?,Why does he not practice daily?,vah roz अभ्यास करता/करती kyon nahi hai,Present Indefinite / Simple Present,Double Interrogative,Beginner,,Practice Double Interrogative sentences for Present Indefinite / Simple Present.
वह रोज जाता/जाती क्यों नहीं है?,Why does she not go daily?,vah roz जाता/जाती kyon nahi hai,Present Indefinite / Simple Present,Double Interrogative,Beginner,,Practice Double Interrogative sentences for Present Indefinite / Simple Present.
हम रोज पूरा करता/करती क्यों नहीं है?,Why do we not finish daily?,hum roz पूरा करता/करती kyon nahi hai,Present Indefinite / Simple Present,Double Interrogative,Beginner,,Practice Double Interrogative sentences for Present Indefinite / Simple Present.
वे रोज फोन करता/करती क्यों नहीं है?,Why do they not call daily?,ve roz फोन करता/करती kyon nahi hai,Present Indefinite / Simple Present,Double Interrogative,Beginner,,Practice Double Interrogative sentences for Present Indefinite / Simple Present.
मेरा भाई रोज पढ़ता/पढ़ती क्यों नहीं है?,Why does My brother not read daily?,mera bhai roz पढ़ता/पढ़ती kyon nahi hai,Present Indefinite / Simple Present,Double Interrogative,Beginner,,Practice Double Interrogative sentences for Present Indefinite / Simple Present.
मेरी बहन रोज लिखता/लिखती क्यों नहीं है?,Why does My sister not write daily?,meri bahan roz लिखता/लिखती kyon nahi hai,Present Indefinite / Simple Present,Double Interrogative,Beginner,,Practice Double Interrogative sentences for Present Indefinite / Simple Present.
शिक्षक रोज पूछता/पूछती क्यों नहीं है?,Why does The teacher not ask daily?,shikshak roz पूछता/पूछती kyon nahi hai,Present Indefinite / Simple Present,Double Interrogative,Beginner,,Practice Double Interrogative sentences for Present Indefinite / Simple Present.
छात्र रोज सुधारता/सुधारती क्यों नहीं है?,Why does The student not improve daily?,chhatra roz सुधारता/सुधारती kyon nahi hai,Present Indefinite / Simple Present,Double Interrogative,Beginner,,Practice Double Interrogative sentences for Present Indefinite / Simple Present.
मैं अभी बोलता/बोलती रहा/रही है।,I am speaking right now.,main abhi bolta/bolti रहा/रही है,Present Continuous,Simple,Beginner,,Practice Simple sentences for Present Continuous.
आप अभी सीखता/सीखती रहा/रही है।,You are learning right now.,aap abhi seekhta/seekhti रहा/रही है,Present Continuous,Simple,Beginner,,Practice Simple sentences for Present Continuous.
वह अभी अभ्यास करता/करती रहा/रही है।,He is practicing right now.,vah abhi abhyas karta/karti रहा/रही है,Present Continuous,Simple,Beginner,,Practice Simple sentences for Present Continuous.
वह अभी जाता/जाती रहा/रही है।,She is going right now.,vah abhi jata/jati रहा/रही है,Present Continuous,Simple,Beginner,,Practice Simple sentences for Present Continuous.
हम अभी पूरा करता/करती रहा/रही है।,We are finishing right now.,hum abhi poora karta/karti रहा/रही है,Present Continuous,Simple,Beginner,,Practice Simple sentences for Present Continuous.
वे अभी फोन करता/करती रहा/रही है।,They are calling right now.,ve abhi phone karta/karti रहा/रही है,Present Continuous,Simple,Beginner,,Practice Simple sentences for Present Continuous.
मेरा भाई अभी पढ़ता/पढ़ती रहा/रही है।,My brother is reading right now.,mera bhai abhi padhta/padhti रहा/रही है,Present Continuous,Simple,Beginner,,Practice Simple sentences for Present Continuous.
मेरी बहन अभी लिखता/लिखती रहा/रही है।,My sister is writing right now.,meri bahan abhi likhta/likhti रहा/रही है,Present Continuous,Simple,Beginner,,Practice Simple sentences for Present Continuous.
शिक्षक अभी पूछता/पूछती रहा/रही है।,The teacher is asking right now.,shikshak abhi poochhta/poochhti रहा/रही है,Present Continuous,Simple,Beginner,,Practice Simple sentences for Present Continuous.
छात्र अभी सुधारता/सुधारती रहा/रही है।,The student is improving right now.,chhatra abhi sudharta/sudharti रहा/रही है,Present Continuous,Simple,Beginner,,Practice Simple sentences for Present Continuous.
मैं अभी बोलता/बोलती नहीं रहा/रही है।,I am not speaking right now.,main abhi bolta/bolti nahi रहा/रही है,Present Continuous,Negative,Beginner,,Practice Negative sentences for Present Continuous.
आप अभी सीखता/सीखती नहीं रहा/रही है।,You are not learning right now.,aap abhi seekhta/seekhti nahi रहा/रही है,Present Continuous,Negative,Beginner,,Practice Negative sentences for Present Continuous.
वह अभी अभ्यास करता/करती नहीं रहा/रही है।,He is not practicing right now.,vah abhi abhyas karta/karti nahi रहा/रही है,Present Continuous,Negative,Beginner,,Practice Negative sentences for Present Continuous.
वह अभी जाता/जाती नहीं रहा/रही है।,She is not going right now.,vah abhi jata/jati nahi रहा/रही है,Present Continuous,Negative,Beginner,,Practice Negative sentences for Present Continuous.
हम अभी पूरा करता/करती नहीं रहा/रही है।,We are not finishing right now.,hum abhi poora karta/karti nahi रहा/रही है,Present Continuous,Negative,Beginner,,Practice Negative sentences for Present Continuous.
वे अभी फोन करता/करती नहीं रहा/रही है।,They are not calling right now.,ve abhi phone karta/karti nahi रहा/रही है,Present Continuous,Negative,Beginner,,Practice Negative sentences for Present Continuous.
मेरा भाई अभी पढ़ता/पढ़ती नहीं रहा/रही है।,My brother is not reading right now.,mera bhai abhi padhta/padhti nahi रहा/रही है,Present Continuous,Negative,Beginner,,Practice Negative sentences for Present Continuous.
मेरी बहन अभी लिखता/लिखती नहीं रहा/रही है।,My sister is not writing right now.,meri bahan abhi likhta/likhti nahi रहा/रही है,Present Continuous,Negative,Beginner,,Practice Negative sentences for Present Continuous.
शिक्षक अभी पूछता/पूछती नहीं रहा/रही है।,The teacher is not asking right now.,shikshak abhi poochhta/poochhti nahi रहा/रही है,Present Continuous,Negative,Beginner,,Practice Negative sentences for Present Continuous.
छात्र अभी सुधारता/सुधारती नहीं रहा/रही है।,The student is not improving right now.,chhatra abhi sudharta/sudharti nahi रहा/रही है,Present Continuous,Negative,Beginner,,Practice Negative sentences for Present Continuous.
क्या मैं अभी बोलता/बोलती रहा/रही है?,Am i speaking right now?,kya main abhi bolta/bolti रहा/रही है,Present Continuous,Yes/No Question,Beginner,,Practice Yes/No Question sentences for Present Continuous.
क्या आप अभी सीखता/सीखती रहा/रही है?,Are you learning right now?,kya aap abhi seekhta/seekhti रहा/रही है,Present Continuous,Yes/No Question,Beginner,,Practice Yes/No Question sentences for Present Continuous.
क्या वह अभी अभ्यास करता/करती रहा/रही है?,Is he practicing right now?,kya vah abhi abhyas karta/karti रहा/रही है,Present Continuous,Yes/No Question,Beginner,,Practice Yes/No Question sentences for Present Continuous.
क्या वह अभी जाता/जाती रहा/रही है?,Is she going right now?,kya vah abhi jata/jati रहा/रही है,Present Continuous,Yes/No Question,Beginner,,Practice Yes/No Question sentences for Present Continuous.
क्या हम अभी पूरा करता/करती रहा/रही है?,Are we finishing right now?,kya hum abhi poora karta/karti रहा/रही है,Present Continuous,Yes/No Question,Beginner,,Practice Yes/No Question sentences for Present Continuous.
क्या वे अभी फोन करता/करती रहा/रही है?,Are they calling right now?,kya ve abhi phone karta/karti रहा/रही है,Present Continuous,Yes/No Question,Beginner,,Practice Yes/No Question sentences for Present Continuous.
क्या मेरा भाई अभी पढ़ता/पढ़ती रहा/रही है?,Is My brother reading right now?,kya mera bhai abhi padhta/padhti रहा/रही है,Present Continuous,Yes/No Question,Beginner,,Practice Yes/No Question sentences for Present Continuous.
क्या मेरी बहन अभी लिखता/लिखती रहा/रही है?,Is My sister writing right now?,kya meri bahan abhi likhta/likhti रहा/रही है,Present Continuous,Yes/No Question,Beginner,,Practice Yes/No Question sentences for Present Continuous.
क्या शिक्षक अभी पूछता/पूछती रहा/रही है?,Is The teacher asking right now?,kya shikshak abhi poochhta/poochhti रहा/रही है,Present Continuous,Yes/No Question,Beginner,,Practice Yes/No Question sentences for Present Continuous.
क्या छात्र अभी सुधारता/सुधारती रहा/रही है?,Is The student improving right now?,kya chhatra abhi sudharta/sudharti रहा/रही है,Present Continuous,Yes/No Question,Beginner,,Practice Yes/No Question sentences for Present Continuous.
मैं अभी क्या कर रहा/रही है?,What am i doing right now?,main abhi kya kar raha/rahi hai,Present Continuous,Question Word,Beginner,,Practice Question Word sentences for Present Continuous.
आप अभी क्या कर रहा/रही है?,What are you doing right now?,aap abhi kya kar raha/rahi hai,Present Continuous,Question Word,Beginner,,Practice Question Word sentences for Present Continuous.
वह अभी क्या कर रहा/रही है?,What is he doing right now?,vah abhi kya kar raha/rahi hai,Present Continuous,Question Word,Beginner,,Practice Question Word sentences for Present Continuous.
वह अभी क्या कर रहा/रही है?,What is she doing right now?,vah abhi kya kar raha/rahi hai,Present Continuous,Question Word,Beginner,,Practice Question Word sentences for Present Continuous.
हम अभी क्या कर रहा/रही है?,What are we doing right now?,hum abhi kya kar raha/rahi hai,Present Continuous,Question Word,Beginner,,Practice Question Word sentences for Present Continuous.
वे अभी क्या कर रहा/रही है?,What are they doing right now?,ve abhi kya kar raha/rahi hai,Present Continuous,Question Word,Beginner,,Practice Question Word sentences for Present Continuous.
मेरा भाई अभी क्या कर रहा/रही है?,What is My brother doing right now?,mera bhai abhi kya kar raha/rahi hai,Present Continuous,Question Word,Beginner,,Practice Question Word sentences for Present Continuous.
मेरी बहन अभी क्या कर रहा/रही है?,What is My sister doing right now?,meri bahan abhi kya kar raha/rahi hai,Present Continuous,Question Word,Beginner,,Practice Question Word sentences for Present Continuous.
शिक्षक अभी क्या कर रहा/रही है?,What is The teacher doing right now?,shikshak abhi kya kar raha/rahi hai,Present Continuous,Question Word,Beginner,,Practice Question Word sentences for Present Continuous.
छात्र अभी क्या कर रहा/रही है?,What is The student doing right now?,chhatra abhi kya kar raha/rahi hai,Present Continuous,Question Word,Beginner,,Practice Question Word sentences for Present Continuous.
मैं अभी बोलता/बोलती क्यों नहीं रहा/रही है?,Why am i not speaking right now?,main abhi bolta/bolti kyon nahi रहा/रही है,Present Continuous,Double Interrogative,Beginner,,Practice Double Interrogative sentences for Present Continuous.
आप अभी सीखता/सीखती क्यों नहीं रहा/रही है?,Why are you not learning right now?,aap abhi seekhta/seekhti kyon nahi रहा/रही है,Present Continuous,Double Interrogative,Beginner,,Practice Double Interrogative sentences for Present Continuous.
वह अभी अभ्यास करता/करती क्यों नहीं रहा/रही है?,Why is he not practicing right now?,vah abhi abhyas karta/karti kyon nahi रहा/रही है,Present Continuous,Double Interrogative,Beginner,,Practice Double Interrogative sentences for Present Continuous.
वह अभी जाता/जाती क्यों नहीं रहा/रही है?,Why is she not going right now?,vah abhi jata/jati kyon nahi रहा/रही है,Present Continuous,Double Interrogative,Beginner,,Practice Double Interrogative sentences for Present Continuous.
हम अभी पूरा करता/करती क्यों नहीं रहा/रही है?,Why are we not finishing right now?,hum abhi poora karta/karti kyon nahi रहा/रही है,Present Continuous,Double Interrogative,Beginner,,Practice Double Interrogative sentences for Present Continuous.
वे अभी फोन करता/करती क्यों नहीं रहा/रही है?,Why are they not calling right now?,ve abhi phone karta/karti kyon nahi रहा/रही है,Present Continuous,Double Interrogative,Beginner,,Practice Double Interrogative sentences for Present Continuous.
मेरा भाई अभी पढ़ता/पढ़ती क्यों नहीं रहा/रही है?,Why is My brother not reading right now?,mera bhai abhi padhta/padhti kyon nahi रहा/रही है,Present Continuous,Double Interrogative,Beginner,,Practice Double Interrogative sentences for Present Continuous.
मेरी बहन अभी लिखता/लिखती क्यों नहीं रहा/रही है?,Why is My sister not writing right now?,meri bahan abhi likhta/likhti kyon nahi रहा/रही है,Present Continuous,Double Interrogative,Beginner,,Practice Double Interrogative sentences for Present Continuous.
शिक्षक अभी पूछता/पूछती क्यों नहीं रहा/रही है?,Why is The teacher not asking right now?,shikshak abhi poochhta/poochhti kyon nahi रहा/रही है,Present Continuous,Double Interrogative,Beginner,,Practice Double Interrogative sentences for Present Continuous.
छात्र अभी सुधारता/सुधारती क्यों नहीं रहा/रही है?,Why is The student not improving right now?,chhatra abhi sudharta/sudharti kyon nahi रहा/रही है,Present Continuous,Double Interrogative,Beginner,,Practice Double Interrogative sentences for Present Continuous.
मैं ने कल बोलता/बोलती।,I spoke yesterday.,main ne kal बोलता/बोलती,Past Indefinite / Simple Past,Simple,Beginner,,Practice Simple sentences for Past Indefinite / Simple Past.
आप ने कल सीखता/सीखती।,You learned yesterday.,aap ne kal सीखता/सीखती,Past Indefinite / Simple Past,Simple,Beginner,,Practice Simple sentences for Past Indefinite / Simple Past.
वह ने कल अभ्यास करता/करती।,He practiced yesterday.,vah ne kal अभ्यास करता/करती,Past Indefinite / Simple Past,Simple,Beginner,,Practice Simple sentences for Past Indefinite / Simple Past.
वह ने कल जाता/जाती।,She went yesterday.,vah ne kal जाता/जाती,Past Indefinite / Simple Past,Simple,Beginner,,Practice Simple sentences for Past Indefinite / Simple Past.
हम ने कल पूरा करता/करती।,We finished yesterday.,hum ne kal पूरा करता/करती,Past Indefinite / Simple Past,Simple,Beginner,,Practice Simple sentences for Past Indefinite / Simple Past.
वे ने कल फोन करता/करती।,They called yesterday.,ve ne kal फोन करता/करती,Past Indefinite / Simple Past,Simple,Beginner,,Practice Simple sentences for Past Indefinite / Simple Past.
मेरा भाई ने कल पढ़ता/पढ़ती।,My brother read yesterday.,mera bhai ne kal पढ़ता/पढ़ती,Past Indefinite / Simple Past,Simple,Beginner,,Practice Simple sentences for Past Indefinite / Simple Past.
मेरी बहन ने कल लिखता/लिखती।,My sister wrote yesterday.,meri bahan ne kal लिखता/लिखती,Past Indefinite / Simple Past,Simple,Beginner,,Practice Simple sentences for Past Indefinite / Simple Past.
शिक्षक ने कल पूछता/पूछती।,The teacher asked yesterday.,shikshak ne kal पूछता/पूछती,Past Indefinite / Simple Past,Simple,Beginner,,Practice Simple sentences for Past Indefinite / Simple Past.
छात्र ने कल सुधारता/सुधारती।,The student improved yesterday.,chhatra ne kal सुधारता/सुधारती,Past Indefinite / Simple Past,Simple,Beginner,,Practice Simple sentences for Past Indefinite / Simple Past.
मैं ने कल बोलता/बोलती नहीं।,I did not speak yesterday.,main ne kal बोलता/बोलती nahi,Past Indefinite / Simple Past,Negative,Beginner,,Practice Negative sentences for Past Indefinite / Simple Past.
आप ने कल सीखता/सीखती नहीं।,You did not learn yesterday.,aap ne kal सीखता/सीखती nahi,Past Indefinite / Simple Past,Negative,Beginner,,Practice Negative sentences for Past Indefinite / Simple Past.
वह ने कल अभ्यास करता/करती नहीं।,He did not practice yesterday.,vah ne kal अभ्यास करता/करती nahi,Past Indefinite / Simple Past,Negative,Beginner,,Practice Negative sentences for Past Indefinite / Simple Past.
वह ने कल जाता/जाती नहीं।,She did not go yesterday.,vah ne kal जाता/जाती nahi,Past Indefinite / Simple Past,Negative,Beginner,,Practice Negative sentences for Past Indefinite / Simple Past.
हम ने कल पूरा करता/करती नहीं।,We did not finish yesterday.,hum ne kal पूरा करता/करती nahi,Past Indefinite / Simple Past,Negative,Beginner,,Practice Negative sentences for Past Indefinite / Simple Past.
वे ने कल फोन करता/करती नहीं।,They did not call yesterday.,ve ne kal फोन करता/करती nahi,Past Indefinite / Simple Past,Negative,Beginner,,Practice Negative sentences for Past Indefinite / Simple Past.
मेरा भाई ने कल पढ़ता/पढ़ती नहीं।,My brother did not read yesterday.,mera bhai ne kal पढ़ता/पढ़ती nahi,Past Indefinite / Simple Past,Negative,Beginner,,Practice Negative sentences for Past Indefinite / Simple Past.
मेरी बहन ने कल लिखता/लिखती नहीं।,My sister did not write yesterday.,meri bahan ne kal लिखता/लिखती nahi,Past Indefinite / Simple Past,Negative,Beginner,,Practice Negative sentences for Past Indefinite / Simple Past.
शिक्षक ने कल पूछता/पूछती नहीं।,The teacher did not ask yesterday.,shikshak ne kal पूछता/पूछती nahi,Past Indefinite / Simple Past,Negative,Beginner,,Practice Negative sentences for Past Indefinite / Simple Past.
छात्र ने कल सुधारता/सुधारती नहीं।,The student did not improve yesterday.,chhatra ne kal सुधारता/सुधारती nahi,Past Indefinite / Simple Past,Negative,Beginner,,Practice Negative sentences for Past Indefinite / Simple Past.
क्या मैं ने कल बोलता/बोलती?,Did i speak yesterday?,kya main ne kal बोलता/बोलती,Past Indefinite / Simple Past,Yes/No Question,Beginner,,Practice Yes/No Question sentences for Past Indefinite / Simple Past.
क्या आप ने कल सीखता/सीखती?,Did you learn yesterday?,kya aap ne kal सीखता/सीखती,Past Indefinite / Simple Past,Yes/No Question,Beginner,,Practice Yes/No Question sentences for Past Indefinite / Simple Past.
क्या वह ने कल अभ्यास करता/करती?,Did he practice yesterday?,kya vah ne kal अभ्यास करता/करती,Past Indefinite / Simple Past,Yes/No Question,Beginner,,Practice Yes/No Question sentences for Past Indefinite / Simple Past.
क्या वह ने कल जाता/जाती?,Did she go yesterday?,kya vah ne kal जाता/जाती,Past Indefinite / Simple Past,Yes/No Question,Beginner,,Practice Yes/No Question sentences for Past Indefinite / Simple Past.
क्या हम ने कल पूरा करता/करती?,Did we finish yesterday?,kya hum ne kal पूरा करता/करती,Past Indefinite / Simple Past,Yes/No Question,Beginner,,Practice Yes/No Question sentences for Past Indefinite / Simple Past.
क्या वे ने कल फोन करता/करती?,Did they call yesterday?,kya ve ne kal फोन करता/करती,Past Indefinite / Simple Past,Yes/No Question,Beginner,,Practice Yes/No Question sentences for Past Indefinite / Simple Past.
क्या मेरा भाई ने कल पढ़ता/पढ़ती?,Did My brother read yesterday?,kya mera bhai ne kal पढ़ता/पढ़ती,Past Indefinite / Simple Past,Yes/No Question,Beginner,,Practice Yes/No Question sentences for Past Indefinite / Simple Past.
क्या मेरी बहन ने कल लिखता/लिखती?,Did My sister write yesterday?,kya meri bahan ne kal लिखता/लिखती,Past Indefinite / Simple Past,Yes/No Question,Beginner,,Practice Yes/No Question sentences for Past Indefinite / Simple Past.
क्या शिक्षक ने कल पूछता/पूछती?,Did The teacher ask yesterday?,kya shikshak ne kal पूछता/पूछती,Past Indefinite / Simple Past,Yes/No Question,Beginner,,Practice Yes/No Question sentences for Past Indefinite / Simple Past.
क्या छात्र ने कल सुधारता/सुधारती?,Did The student improve yesterday?,kya chhatra ne kal सुधारता/सुधारती,Past Indefinite / Simple Past,Yes/No Question,Beginner,,Practice Yes/No Question sentences for Past Indefinite / Simple Past.
मैं ने कल क्या किया?,What did i do yesterday?,main ne kal kya kiya,Past Indefinite / Simple Past,Question Word,Beginner,,Practice Question Word sentences for Past Indefinite / Simple Past.
आप ने कल क्या किया?,What did you do yesterday?,aap ne kal kya kiya,Past Indefinite / Simple Past,Question Word,Beginner,,Practice Question Word sentences for Past Indefinite / Simple Past.
वह ने कल क्या किया?,What did he do yesterday?,vah ne kal kya kiya,Past Indefinite / Simple Past,Question Word,Beginner,,Practice Question Word sentences for Past Indefinite / Simple Past.
वह ने कल क्या किया?,What did she do yesterday?,vah ne kal kya kiya,Past Indefinite / Simple Past,Question Word,Beginner,,Practice Question Word sentences for Past Indefinite / Simple Past.
हम ने कल क्या किया?,What did we do yesterday?,hum ne kal kya kiya,Past Indefinite / Simple Past,Question Word,Beginner,,Practice Question Word sentences for Past Indefinite / Simple Past.
वे ने कल क्या किया?,What did they do yesterday?,ve ne kal kya kiya,Past Indefinite / Simple Past,Question Word,Beginner,,Practice Question Word sentences for Past Indefinite / Simple Past.
मेरा भाई ने कल क्या किया?,What did My brother do yesterday?,mera bhai ne kal kya kiya,Past Indefinite / Simple Past,Question Word,Beginner,,Practice Question Word sentences for Past Indefinite / Simple Past.
मेरी बहन ने कल क्या किया?,What did My sister do yesterday?,meri bahan ne kal kya kiya,Past Indefinite / Simple Past,Question Word,Beginner,,Practice Question Word sentences for Past Indefinite / Simple Past.
शिक्षक ने कल क्या किया?,What did The teacher do yesterday?,shikshak ne kal kya kiya,Past Indefinite / Simple Past,Question Word,Beginner,,Practice Question Word sentences for Past Indefinite / Simple Past.
छात्र ने कल क्या किया?,What did The student do yesterday?,chhatra ne kal kya kiya,Past Indefinite / Simple Past,Question Word,Beginner,,Practice Question Word sentences for Past Indefinite / Simple Past.
मैं ने कल बोलता/बोलती क्यों नहीं?,Why did i not speak yesterday?,main ne kal बोलता/बोलती kyon nahi,Past Indefinite / Simple Past,Double Interrogative,Beginner,,Practice Double Interrogative sentences for Past Indefinite / Simple Past.
आप ने कल सीखता/सीखती क्यों नहीं?,Why did you not learn yesterday?,aap ne kal सीखता/सीखती kyon nahi,Past Indefinite / Simple Past,Double Interrogative,Beginner,,Practice Double Interrogative sentences for Past Indefinite / Simple Past.
वह ने कल अभ्यास करता/करती क्यों नहीं?,Why did he not practice yesterday?,vah ne kal अभ्यास करता/करती kyon nahi,Past Indefinite / Simple Past,Double Interrogative,Beginner,,Practice Double Interrogative sentences for Past Indefinite / Simple Past.
वह ने कल जाता/जाती क्यों नहीं?,Why did she not go yesterday?,vah ne kal जाता/जाती kyon nahi,Past Indefinite / Simple Past,Double Interrogative,Beginner,,Practice Double Interrogative sentences for Past Indefinite / Simple Past.
हम ने कल पूरा करता/करती क्यों नहीं?,Why did we not finish yesterday?,hum ne kal पूरा करता/करती kyon nahi,Past Indefinite / Simple Past,Double Interrogative,Beginner,,Practice Double Interrogative sentences for Past Indefinite / Simple Past.
वे ने कल फोन करता/करती क्यों नहीं?,Why did they not call yesterday?,ve ne kal फोन करता/करती kyon nahi,Past Indefinite / Simple Past,Double Interrogative,Beginner,,Practice Double Interrogative sentences for Past Indefinite / Simple Past.
मेरा भाई ने कल पढ़ता/पढ़ती क्यों नहीं?,Why did My brother not read yesterday?,mera bhai ne kal पढ़ता/पढ़ती kyon nahi,Past Indefinite / Simple Past,Double Interrogative,Beginner,,Practice Double Interrogative sentences for Past Indefinite / Simple Past.
मेरी बहन ने कल लिखता/लिखती क्यों नहीं?,Why did My sister not write yesterday?,meri bahan ne kal लिखता/लिखती kyon nahi,Past Indefinite / Simple Past,Double Interrogative,Beginner,,Practice Double Interrogative sentences for Past Indefinite / Simple Past.
शिक्षक ने कल पूछता/पूछती क्यों नहीं?,Why did The teacher not ask yesterday?,shikshak ne kal पूछता/पूछती kyon nahi,Past Indefinite / Simple Past,Double Interrogative,Beginner,,Practice Double Interrogative sentences for Past Indefinite / Simple Past.
छात्र ने कल सुधारता/सुधारती क्यों नहीं?,Why did The student not improve yesterday?,chhatra ne kal सुधारता/सुधारती kyon nahi,Past Indefinite / Simple Past,Double Interrogative,Beginner,,Practice Double Interrogative sentences for Past Indefinite / Simple Past.
मैं कल बोलता/बोलती करेगा/करेगी।,I will speak tomorrow.,main kal बोलता/बोलती karega/karegi,Future with will,Simple,Beginner,,Practice Simple sentences for Future with will.
आप कल सीखता/सीखती करेगा/करेगी।,You will learn tomorrow.,aap kal सीखता/सीखती karega/karegi,Future with will,Simple,Beginner,,Practice Simple sentences for Future with will.
वह कल अभ्यास करता/करती करेगा/करेगी।,He will practice tomorrow.,vah kal अभ्यास करता/करती karega/karegi,Future with will,Simple,Beginner,,Practice Simple sentences for Future with will.
वह कल जाता/जाती करेगा/करेगी।,She will go tomorrow.,vah kal जाता/जाती karega/karegi,Future with will,Simple,Beginner,,Practice Simple sentences for Future with will.
हम कल पूरा करता/करती करेगा/करेगी।,We will finish tomorrow.,hum kal पूरा करता/करती karega/karegi,Future with will,Simple,Beginner,,Practice Simple sentences for Future with will.
वे कल फोन करता/करती करेगा/करेगी।,They will call tomorrow.,ve kal फोन करता/करती karega/karegi,Future with will,Simple,Beginner,,Practice Simple sentences for Future with will.
मेरा भाई कल पढ़ता/पढ़ती करेगा/करेगी।,My brother will read tomorrow.,mera bhai kal पढ़ता/पढ़ती karega/karegi,Future with will,Simple,Beginner,,Practice Simple sentences for Future with will.
मेरी बहन कल लिखता/लिखती करेगा/करेगी।,My sister will write tomorrow.,meri bahan kal लिखता/लिखती karega/karegi,Future with will,Simple,Beginner,,Practice Simple sentences for Future with will.
शिक्षक कल पूछता/पूछती करेगा/करेगी।,The teacher will ask tomorrow.,shikshak kal पूछता/पूछती karega/karegi,Future with will,Simple,Beginner,,Practice Simple sentences for Future with will.
छात्र कल सुधारता/सुधारती करेगा/करेगी।,The student will improve tomorrow.,chhatra kal सुधारता/सुधारती karega/karegi,Future with will,Simple,Beginner,,Practice Simple sentences for Future with will.
मैं कल बोलता/बोलती नहीं करेगा/करेगी।,I will not speak tomorrow.,main kal बोलता/बोलती nahi karega/karegi,Future with will,Negative,Beginner,,Practice Negative sentences for Future with will.
आप कल सीखता/सीखती नहीं करेगा/करेगी।,You will not learn tomorrow.,aap kal सीखता/सीखती nahi karega/karegi,Future with will,Negative,Beginner,,Practice Negative sentences for Future with will.
वह कल अभ्यास करता/करती नहीं करेगा/करेगी।,He will not practice tomorrow.,vah kal अभ्यास करता/करती nahi karega/karegi,Future with will,Negative,Beginner,,Practice Negative sentences for Future with will.
वह कल जाता/जाती नहीं करेगा/करेगी।,She will not go tomorrow.,vah kal जाता/जाती nahi karega/karegi,Future with will,Negative,Beginner,,Practice Negative sentences for Future with will.
हम कल पूरा करता/करती नहीं करेगा/करेगी।,We will not finish tomorrow.,hum kal पूरा करता/करती nahi karega/karegi,Future with will,Negative,Beginner,,Practice Negative sentences for Future with will.
वे कल फोन करता/करती नहीं करेगा/करेगी।,They will not call tomorrow.,ve kal फोन करता/करती nahi karega/karegi,Future with will,Negative,Beginner,,Practice Negative sentences for Future with will.
मेरा भाई कल पढ़ता/पढ़ती नहीं करेगा/करेगी।,My brother will not read tomorrow.,mera bhai kal पढ़ता/पढ़ती nahi karega/karegi,Future with will,Negative,Beginner,,Practice Negative sentences for Future with will.
मेरी बहन कल लिखता/लिखती नहीं करेगा/करेगी।,My sister will not write tomorrow.,meri bahan kal लिखता/लिखती nahi karega/karegi,Future with will,Negative,Beginner,,Practice Negative sentences for Future with will.
शिक्षक कल पूछता/पूछती नहीं करेगा/करेगी।,The teacher will not ask tomorrow.,shikshak kal पूछता/पूछती nahi karega/karegi,Future with will,Negative,Beginner,,Practice Negative sentences for Future with will.
छात्र कल सुधारता/सुधारती नहीं करेगा/करेगी।,The student will not improve tomorrow.,chhatra kal सुधारता/सुधारती nahi karega/karegi,Future with will,Negative,Beginner,,Practice Negative sentences for Future with will.
क्या मैं कल बोलता/बोलती करेगा/करेगी?,Will i speak tomorrow?,kya main kal बोलता/बोलती karega/karegi,Future with will,Yes/No Question,Beginner,,Practice Yes/No Question sentences for Future with will.
क्या आप कल सीखता/सीखती करेगा/करेगी?,Will you learn tomorrow?,kya aap kal सीखता/सीखती karega/karegi,Future with will,Yes/No Question,Beginner,,Practice Yes/No Question sentences for Future with will.
क्या वह कल अभ्यास करता/करती करेगा/करेगी?,Will he practice tomorrow?,kya vah kal अभ्यास करता/करती karega/karegi,Future with will,Yes/No Question,Beginner,,Practice Yes/No Question sentences for Future with will.
क्या वह कल जाता/जाती करेगा/करेगी?,Will she go tomorrow?,kya vah kal जाता/जाती karega/karegi,Future with will,Yes/No Question,Beginner,,Practice Yes/No Question sentences for Future with will.
क्या हम कल पूरा करता/करती करेगा/करेगी?,Will we finish tomorrow?,kya hum kal पूरा करता/करती karega/karegi,Future with will,Yes/No Question,Beginner,,Practice Yes/No Question sentences for Future with will.
क्या वे कल फोन करता/करती करेगा/करेगी?,Will they call tomorrow?,kya ve kal फोन करता/करती karega/karegi,Future with will,Yes/No Question,Beginner,,Practice Yes/No Question sentences for Future with will.
क्या मेरा भाई कल पढ़ता/पढ़ती करेगा/करेगी?,Will My brother read tomorrow?,kya mera bhai kal पढ़ता/पढ़ती karega/karegi,Future with will,Yes/No Question,Beginner,,Practice Yes/No Question sentences for Future with will.
क्या मेरी बहन कल लिखता/लिखती करेगा/करेगी?,Will My sister write tomorrow?,kya meri bahan kal लिखता/लिखती karega/karegi,Future with will,Yes/No Question,Beginner,,Practice Yes/No Question sentences for Future with will.
क्या शिक्षक कल पूछता/पूछती करेगा/करेगी?,Will The teacher ask tomorrow?,kya shikshak kal पूछता/पूछती karega/karegi,Future with will,Yes/No Question,Beginner,,Practice Yes/No Question sentences for Future with will.
क्या छात्र कल सुधारता/सुधारती करेगा/करेगी?,Will The student improve tomorrow?,kya chhatra kal सुधारता/सुधारती karega/karegi,Future with will,Yes/No Question,Beginner,,Practice Yes/No Question sentences for Future with will.
मैं कब बोलता/बोलती करेगा/करेगी?,When will i speak?,main kab बोलता/बोलती karega/karegi,Future with will,Question Word,Beginner,,Practice Question Word sentences for Future with will.
आप कब सीखता/सीखती करेगा/करेगी?,When will you learn?,aap kab सीखता/सीखती karega/karegi,Future with will,Question Word,Beginner,,Practice Question Word sentences for Future with will.
वह कब अभ्यास करता/करती करेगा/करेगी?,When will he practice?,vah kab अभ्यास करता/करती karega/karegi,Future with will,Question Word,Beginner,,Practice Question Word sentences for Future with will.
वह कब जाता/जाती करेगा/करेगी?,When will she go?,vah kab जाता/जाती karega/karegi,Future with will,Question Word,Beginner,,Practice Question Word sentences for Future with will.
हम कब पूरा करता/करती करेगा/करेगी?,When will we finish?,hum kab पूरा करता/करती karega/karegi,Future with will,Question Word,Beginner,,Practice Question Word sentences for Future with will.
वे कब फोन करता/करती करेगा/करेगी?,When will they call?,ve kab फोन करता/करती karega/karegi,Future with will,Question Word,Beginner,,Practice Question Word sentences for Future with will.
मेरा भाई कब पढ़ता/पढ़ती करेगा/करेगी?,When will My brother read?,mera bhai kab पढ़ता/पढ़ती karega/karegi,Future with will,Question Word,Beginner,,Practice Question Word sentences for Future with will.
मेरी बहन कब लिखता/लिखती करेगा/करेगी?,When will My sister write?,meri bahan kab लिखता/लिखती karega/karegi,Future with will,Question Word,Beginner,,Practice Question Word sentences for Future with will.
शिक्षक कब पूछता/पूछती करेगा/करेगी?,When will The teacher ask?,shikshak kab पूछता/पूछती karega/karegi,Future with will,Question Word,Beginner,,Practice Question Word sentences for Future with will.
छात्र कब सुधारता/सुधारती करेगा/करेगी?,When will The student improve?,chhatra kab सुधारता/सुधारती karega/karegi,Future with will,Question Word,Beginner,,Practice Question Word sentences for Future with will.
मैं कल बोलता/बोलती क्यों नहीं करेगा/करेगी?,Why will i not speak tomorrow?,main kal बोलता/बोलती kyon nahi karega/karegi,Future with will,Double Interrogative,Beginner,,Practice Double Interrogative sentences for Future with will.
आप कल सीखता/सीखती क्यों नहीं करेगा/करेगी?,Why will you not learn tomorrow?,aap kal सीखता/सीखती kyon nahi karega/karegi,Future with will,Double Interrogative,Beginner,,Practice Double Interrogative sentences for Future with will.
वह कल अभ्यास करता/करती क्यों नहीं करेगा/करेगी?,Why will he not practice tomorrow?,vah kal अभ्यास करता/करती kyon nahi karega/karegi,Future with will,Double Interrogative,Beginner,,Practice Double Interrogative sentences for Future with will.
वह कल जाता/जाती क्यों नहीं करेगा/करेगी?,Why will she not go tomorrow?,vah kal जाता/जाती kyon nahi karega/karegi,Future with will,Double Interrogative,Beginner,,Practice Double Interrogative sentences for Future with will.
हम कल पूरा करता/करती क्यों नहीं करेगा/करेगी?,Why will we not finish tomorrow?,hum kal पूरा करता/करती kyon nahi karega/karegi,Future with will,Double Interrogative,Beginner,,Practice Double Interrogative sentences for Future with will.
वे कल फोन करता/करती क्यों नहीं करेगा/करेगी?,Why will they not call tomorrow?,ve kal फोन करता/करती kyon nahi karega/karegi,Future with will,Double Interrogative,Beginner,,Practice Double Interrogative sentences for Future with will.
मेरा भाई कल पढ़ता/पढ़ती क्यों नहीं करेगा/करेगी?,Why will My brother not read tomorrow?,mera bhai kal पढ़ता/पढ़ती kyon nahi karega/karegi,Future with will,Double Interrogative,Beginner,,Practice Double Interrogative sentences for Future with will.
मेरी बहन कल लिखता/लिखती क्यों नहीं करेगा/करेगी?,Why will My sister not write tomorrow?,meri bahan kal लिखता/लिखती kyon nahi karega/karegi,Future with will,Double Interrogative,Beginner,,Practice Double Interrogative sentences for Future with will.
शिक्षक कल पूछता/पूछती क्यों नहीं करेगा/करेगी?,Why will The teacher not ask tomorrow?,shikshak kal पूछता/पूछती kyon nahi karega/karegi,Future with will,Double Interrogative,Beginner,,Practice Double Interrogative sentences for Future with will.
छात्र कल सुधारता/सुधारती क्यों नहीं करेगा/करेगी?,Why will The student not improve tomorrow?,chhatra kal सुधारता/सुधारती kyon nahi karega/karegi,Future with will,Double Interrogative,Beginner,,Practice Double Interrogative sentences for Future with will.
मैं ने अभी बोलता/बोलती पूरा किया है।,I have spoken recently.,main ne abhi bolta/bolti poora kiya hai,Present Perfect,Simple,Beginner,,Practice Simple sentences for Present Perfect.
आप ने अभी सीखता/सीखती पूरा किया है।,You have learned recently.,aap ne abhi seekhta/seekhti poora kiya hai,Present Perfect,Simple,Beginner,,Practice Simple sentences for Present Perfect.
वह ने अभी अभ्यास करता/करती पूरा किया है।,He has practiced recently.,vah ne abhi abhyas karta/karti poora kiya hai,Present Perfect,Simple,Beginner,,Practice Simple sentences for Present Perfect.
वह ने अभी जाता/जाती पूरा किया है।,She has gone recently.,vah ne abhi jata/jati poora kiya hai,Present Perfect,Simple,Beginner,,Practice Simple sentences for Present Perfect.
हम ने अभी पूरा करता/करती पूरा किया है।,We have finished recently.,hum ne abhi poora karta/karti poora kiya hai,Present Perfect,Simple,Beginner,,Practice Simple sentences for Present Perfect.
वे ने अभी फोन करता/करती पूरा किया है।,They have called recently.,ve ne abhi phone karta/karti poora kiya hai,Present Perfect,Simple,Beginner,,Practice Simple sentences for Present Perfect.
मेरा भाई ने अभी पढ़ता/पढ़ती पूरा किया है।,My brother has read recently.,mera bhai ne abhi padhta/padhti poora kiya hai,Present Perfect,Simple,Beginner,,Practice Simple sentences for Present Perfect.
मेरी बहन ने अभी लिखता/लिखती पूरा किया है।,My sister has written recently.,meri bahan ne abhi likhta/likhti poora kiya hai,Present Perfect,Simple,Beginner,,Practice Simple sentences for Present Perfect.
शिक्षक ने अभी पूछता/पूछती पूरा किया है।,The teacher has asked recently.,shikshak ne abhi poochhta/poochhti poora kiya hai,Present Perfect,Simple,Beginner,,Practice Simple sentences for Present Perfect.
छात्र ने अभी सुधारता/सुधारती पूरा किया है।,The student has improved recently.,chhatra ne abhi sudharta/sudharti poora kiya hai,Present Perfect,Simple,Beginner,,Practice Simple sentences for Present Perfect.
मैं ने अभी बोलता/बोलती पूरा नहीं किया है।,I have not spoken yet.,main ne abhi bolta/bolti poora nahi kiya hai,Present Perfect,Negative,Beginner,,Practice Negative sentences for Present Perfect.
आप ने अभी सीखता/सीखती पूरा नहीं किया है।,You have not learned yet.,aap ne abhi seekhta/seekhti poora nahi kiya hai,Present Perfect,Negative,Beginner,,Practice Negative sentences for Present Perfect.
वह ने अभी अभ्यास करता/करती पूरा नहीं किया है।,He has not practiced yet.,vah ne abhi abhyas karta/karti poora nahi kiya hai,Present Perfect,Negative,Beginner,,Practice Negative sentences for Present Perfect.
वह ने अभी जाता/जाती पूरा नहीं किया है।,She has not gone yet.,vah ne abhi jata/jati poora nahi kiya hai,Present Perfect,Negative,Beginner,,Practice Negative sentences for Present Perfect.
हम ने अभी पूरा करता/करती पूरा नहीं किया है।,We have not finished yet.,hum ne abhi poora karta/karti poora nahi kiya hai,Present Perfect,Negative,Beginner,,Practice Negative sentences for Present Perfect.
वे ने अभी फोन करता/करती पूरा नहीं किया है।,They have not called yet.,ve ne abhi phone karta/karti poora nahi kiya hai,Present Perfect,Negative,Beginner,,Practice Negative sentences for Present Perfect.
मेरा भाई ने अभी पढ़ता/पढ़ती पूरा नहीं किया है।,My brother has not read yet.,mera bhai ne abhi padhta/padhti poora nahi kiya hai,Present Perfect,Negative,Beginner,,Practice Negative sentences for Present Perfect.
मेरी बहन ने अभी लिखता/लिखती पूरा नहीं किया है।,My sister has not written yet.,meri bahan ne abhi likhta/likhti poora nahi kiya hai,Present Perfect,Negative,Beginner,,Practice Negative sentences for Present Perfect.
शिक्षक ने अभी पूछता/पूछती पूरा नहीं किया है।,The teacher has not asked yet.,shikshak ne abhi poochhta/poochhti poora nahi kiya hai,Present Perfect,Negative,Beginner,,Practice Negative sentences for Present Perfect.
छात्र ने अभी सुधारता/सुधारती पूरा नहीं किया है।,The student has not improved yet.,chhatra ne abhi sudharta/sudharti poora nahi kiya hai,Present Perfect,Negative,Beginner,,Practice Negative sentences for Present Perfect.
क्या मैं ने अभी बोलता/बोलती पूरा किया है?,Have i spoken yet?,kya main ne abhi bolta/bolti poora kiya hai,Present Perfect,Yes/No Question,Beginner,,Practice Yes/No Question sentences for Present Perfect.
क्या आप ने अभी सीखता/सीखती पूरा किया है?,Have you learned yet?,kya aap ne abhi seekhta/seekhti poora kiya hai,Present Perfect,Yes/No Question,Beginner,,Practice Yes/No Question sentences for Present Perfect.
क्या वह ने अभी अभ्यास करता/करती पूरा किया है?,Has he practiced yet?,kya vah ne abhi abhyas karta/karti poora kiya hai,Present Perfect,Yes/No Question,Beginner,,Practice Yes/No Question sentences for Present Perfect.
क्या वह ने अभी जाता/जाती पूरा किया है?,Has she gone yet?,kya vah ne abhi jata/jati poora kiya hai,Present Perfect,Yes/No Question,Beginner,,Practice Yes/No Question sentences for Present Perfect.
क्या हम ने अभी पूरा करता/करती पूरा किया है?,Have we finished yet?,kya hum ne abhi poora karta/karti poora kiya hai,Present Perfect,Yes/No Question,Beginner,,Practice Yes/No Question sentences for Present Perfect.
क्या वे ने अभी फोन करता/करती पूरा किया है?,Have they called yet?,kya ve ne abhi phone karta/karti poora kiya hai,Present Perfect,Yes/No Question,Beginner,,Practice Yes/No Question sentences for Present Perfect.
क्या मेरा भाई ने अभी पढ़ता/पढ़ती पूरा किया है?,Has My brother read yet?,kya mera bhai ne abhi padhta/padhti poora kiya hai,Present Perfect,Yes/No Question,Beginner,,Practice Yes/No Question sentences for Present Perfect.
क्या मेरी बहन ने अभी लिखता/लिखती पूरा किया है?,Has My sister written yet?,kya meri bahan ne abhi likhta/likhti poora kiya hai,Present Perfect,Yes/No Question,Beginner,,Practice Yes/No Question sentences for Present Perfect.
क्या शिक्षक ने अभी पूछता/पूछती पूरा किया है?,Has The teacher asked yet?,kya shikshak ne abhi poochhta/poochhti poora kiya hai,Present Perfect,Yes/No Question,Beginner,,Practice Yes/No Question sentences for Present Perfect.
क्या छात्र ने अभी सुधारता/सुधारती पूरा किया है?,Has The student improved yet?,kya chhatra ne abhi sudharta/sudharti poora kiya hai,Present Perfect,Yes/No Question,Beginner,,Practice Yes/No Question sentences for Present Perfect.
मैं ने अभी क्या पूरा किया है?,What have i spoken recently?,main ne abhi kya poora kiya hai,Present Perfect,Question Word,Beginner,,Practice Question Word sentences for Present Perfect.
आप ने अभी क्या पूरा किया है?,What have you learned recently?,aap ne abhi kya poora kiya hai,Present Perfect,Question Word,Beginner,,Practice Question Word sentences for Present Perfect.
वह ने अभी क्या पूरा किया है?,What has he practiced recently?,vah ne abhi kya poora kiya hai,Present Perfect,Question Word,Beginner,,Practice Question Word sentences for Present Perfect.
वह ने अभी क्या पूरा किया है?,What has she gone recently?,vah ne abhi kya poora kiya hai,Present Perfect,Question Word,Beginner,,Practice Question Word sentences for Present Perfect.
हम ने अभी क्या पूरा किया है?,What have we finished recently?,hum ne abhi kya poora kiya hai,Present Perfect,Question Word,Beginner,,Practice Question Word sentences for Present Perfect.
वे ने अभी क्या पूरा किया है?,What have they called recently?,ve ne abhi kya poora kiya hai,Present Perfect,Question Word,Beginner,,Practice Question Word sentences for Present Perfect.
मेरा भाई ने अभी क्या पूरा किया है?,What has My brother read recently?,mera bhai ne abhi kya poora kiya hai,Present Perfect,Question Word,Beginner,,Practice Question Word sentences for Present Perfect.
मेरी बहन ने अभी क्या पूरा किया है?,What has My sister written recently?,meri bahan ne abhi kya poora kiya hai,Present Perfect,Question Word,Beginner,,Practice Question Word sentences for Present Perfect.
शिक्षक ने अभी क्या पूरा किया है?,What has The teacher asked recently?,shikshak ne abhi kya poora kiya hai,Present Perfect,Question Word,Beginner,,Practice Question Word sentences for Present Perfect.
छात्र ने अभी क्या पूरा किया है?,What has The student improved recently?,chhatra ne abhi kya poora kiya hai,Present Perfect,Question Word,Beginner,,Practice Question Word sentences for Present Perfect.
मैं ने अभी बोलता/बोलती पूरा क्यों नहीं किया है?,Why have i not spoken yet?,main ne abhi bolta/bolti poora kyon nahi kiya hai,Present Perfect,Double Interrogative,Beginner,,Practice Double Interrogative sentences for Present Perfect.
आप ने अभी सीखता/सीखती पूरा क्यों नहीं किया है?,Why have you not learned yet?,aap ne abhi seekhta/seekhti poora kyon nahi kiya hai,Present Perfect,Double Interrogative,Beginner,,Practice Double Interrogative sentences for Present Perfect.
वह ने अभी अभ्यास करता/करती पूरा क्यों नहीं किया है?,Why has he not practiced yet?,vah ne abhi abhyas karta/karti poora kyon nahi kiya hai,Present Perfect,Double Interrogative,Beginner,,Practice Double Interrogative sentences for Present Perfect.
वह ने अभी जाता/जाती पूरा क्यों नहीं किया है?,Why has she not gone yet?,vah ne abhi jata/jati poora kyon nahi kiya hai,Present Perfect,Double Interrogative,Beginner,,Practice Double Interrogative sentences for Present Perfect.
हम ने अभी पूरा करता/करती पूरा क्यों नहीं किया है?,Why have we not finished yet?,hum ne abhi poora karta/karti poora kyon nahi kiya hai,Present Perfect,Double Interrogative,Beginner,,Practice Double Interrogative sentences for Present Perfect.
वे ने अभी फोन करता/करती पूरा क्यों नहीं किया है?,Why have they not called yet?,ve ne abhi phone karta/karti poora kyon nahi kiya hai,Present Perfect,Double Interrogative,Beginner,,Practice Double Interrogative sentences for Present Perfect.
मेरा भाई ने अभी पढ़ता/पढ़ती पूरा क्यों नहीं किया है?,Why has My brother not read yet?,mera bhai ne abhi padhta/padhti poora kyon nahi kiya hai,Present Perfect,Double Interrogative,Beginner,,Practice Double Interrogative sentences for Present Perfect.
मेरी बहन ने अभी लिखता/लिखती पूरा क्यों नहीं किया है?,Why has My sister not written yet?,meri bahan ne abhi likhta/likhti poora kyon nahi kiya hai,Present Perfect,Double Interrogative,Beginner,,Practice Double Interrogative sentences for Present Perfect.
शिक्षक ने अभी पूछता/पूछती पूरा क्यों नहीं किया है?,Why has The teacher not asked yet?,shikshak ne abhi poochhta/poochhti poora kyon nahi kiya hai,Present Perfect,Double Interrogative,Beginner,,Practice Double Interrogative sentences for Present Perfect.
छात्र ने अभी सुधारता/सुधारती पूरा क्यों नहीं किया है?,Why has The student not improved yet?,chhatra ne abhi sudharta/sudharti poora kyon nahi kiya hai,Present Perfect,Double Interrogative,Beginner,,Practice Double Interrogative sentences for Present Perfect.
मैं अभी बोलता/बोलती रहा/रही था।,I was speaking at that time.,main abhi bolta/bolti रहा/रही था,Past Continuous,Simple,Beginner,,Practice Simple sentences for Past Continuous.
आप अभी सीखता/सीखती रहा/रही था।,You were learning at that time.,aap abhi seekhta/seekhti रहा/रही था,Past Continuous,Simple,Beginner,,Practice Simple sentences for Past Continuous.
वह अभी अभ्यास करता/करती रहा/रही था।,He was practicing at that time.,vah abhi abhyas karta/karti रहा/रही था,Past Continuous,Simple,Beginner,,Practice Simple sentences for Past Continuous.
वह अभी जाता/जाती रहा/रही था।,She was going at that time.,vah abhi jata/jati रहा/रही था,Past Continuous,Simple,Beginner,,Practice Simple sentences for Past Continuous.
हम अभी पूरा करता/करती रहा/रही था।,We were finishing at that time.,hum abhi poora karta/karti रहा/रही था,Past Continuous,Simple,Beginner,,Practice Simple sentences for Past Continuous.
वे अभी फोन करता/करती रहा/रही था।,They were calling at that time.,ve abhi phone karta/karti रहा/रही था,Past Continuous,Simple,Beginner,,Practice Simple sentences for Past Continuous.
मेरा भाई अभी पढ़ता/पढ़ती रहा/रही था।,My brother was reading at that time.,mera bhai abhi padhta/padhti रहा/रही था,Past Continuous,Simple,Beginner,,Practice Simple sentences for Past Continuous.
मेरी बहन अभी लिखता/लिखती रहा/रही था।,My sister was writing at that time.,meri bahan abhi likhta/likhti रहा/रही था,Past Continuous,Simple,Beginner,,Practice Simple sentences for Past Continuous.
शिक्षक अभी पूछता/पूछती रहा/रही था।,The teacher was asking at that time.,shikshak abhi poochhta/poochhti रहा/रही था,Past Continuous,Simple,Beginner,,Practice Simple sentences for Past Continuous.
छात्र अभी सुधारता/सुधारती रहा/रही था।,The student was improving at that time.,chhatra abhi sudharta/sudharti रहा/रही था,Past Continuous,Simple,Beginner,,Practice Simple sentences for Past Continuous.
मैं अभी बोलता/बोलती नहीं रहा/रही था।,I was not speaking at that time.,main abhi bolta/bolti nahi रहा/रही था,Past Continuous,Negative,Beginner,,Practice Negative sentences for Past Continuous.
आप अभी सीखता/सीखती नहीं रहा/रही था।,You were not learning at that time.,aap abhi seekhta/seekhti nahi रहा/रही था,Past Continuous,Negative,Beginner,,Practice Negative sentences for Past Continuous.
वह अभी अभ्यास करता/करती नहीं रहा/रही था।,He was not practicing at that time.,vah abhi abhyas karta/karti nahi रहा/रही था,Past Continuous,Negative,Beginner,,Practice Negative sentences for Past Continuous.
वह अभी जाता/जाती नहीं रहा/रही था।,She was not going at that time.,vah abhi jata/jati nahi रहा/रही था,Past Continuous,Negative,Beginner,,Practice Negative sentences for Past Continuous.
हम अभी पूरा करता/करती नहीं रहा/रही था।,We were not finishing at that time.,hum abhi poora karta/karti nahi रहा/रही था,Past Continuous,Negative,Beginner,,Practice Negative sentences for Past Continuous.
वे अभी फोन करता/करती नहीं रहा/रही था।,They were not calling at that time.,ve abhi phone karta/karti nahi रहा/रही था,Past Continuous,Negative,Beginner,,Practice Negative sentences for Past Continuous.
मेरा भाई अभी पढ़ता/पढ़ती नहीं रहा/रही था।,My brother was not reading at that time.,mera bhai abhi padhta/padhti nahi रहा/रही था,Past Continuous,Negative,Beginner,,Practice Negative sentences for Past Continuous.
मेरी बहन अभी लिखता/लिखती नहीं रहा/रही था।,My sister was not writing at that time.,meri bahan abhi likhta/likhti nahi रहा/रही था,Past Continuous,Negative,Beginner,,Practice Negative sentences for Past Continuous.
शिक्षक अभी पूछता/पूछती नहीं रहा/रही था।,The teacher was not asking at that time.,shikshak abhi poochhta/poochhti nahi रहा/रही था,Past Continuous,Negative,Beginner,,Practice Negative sentences for Past Continuous.
छात्र अभी सुधारता/सुधारती नहीं रहा/रही था।,The student was not improving at that time.,chhatra abhi sudharta/sudharti nahi रहा/रही था,Past Continuous,Negative,Beginner,,Practice Negative sentences for Past Continuous.
क्या मैं अभी बोलता/बोलती रहा/रही था?,Was i speaking at that time?,kya main abhi bolta/bolti रहा/रही था,Past Continuous,Yes/No Question,Beginner,,Practice Yes/No Question sentences for Past Continuous.
क्या आप अभी सीखता/सीखती रहा/रही था?,Were you learning at that time?,kya aap abhi seekhta/seekhti रहा/रही था,Past Continuous,Yes/No Question,Beginner,,Practice Yes/No Question sentences for Past Continuous.
क्या वह अभी अभ्यास करता/करती रहा/रही था?,Was he practicing at that time?,kya vah abhi abhyas karta/karti रहा/रही था,Past Continuous,Yes/No Question,Beginner,,Practice Yes/No Question sentences for Past Continuous.
क्या वह अभी जाता/जाती रहा/रही था?,Was she going at that time?,kya vah abhi jata/jati रहा/रही था,Past Continuous,Yes/No Question,Beginner,,Practice Yes/No Question sentences for Past Continuous.
क्या हम अभी पूरा करता/करती रहा/रही था?,Were we finishing at that time?,kya hum abhi poora karta/karti रहा/रही था,Past Continuous,Yes/No Question,Beginner,,Practice Yes/No Question sentences for Past Continuous.
क्या वे अभी फोन करता/करती रहा/रही था?,Were they calling at that time?,kya ve abhi phone karta/karti रहा/रही था,Past Continuous,Yes/No Question,Beginner,,Practice Yes/No Question sentences for Past Continuous.
क्या मेरा भाई अभी पढ़ता/पढ़ती रहा/रही था?,Was My brother reading at that time?,kya mera bhai abhi padhta/padhti रहा/रही था,Past Continuous,Yes/No Question,Beginner,,Practice Yes/No Question sentences for Past Continuous.
क्या मेरी बहन अभी लिखता/लिखती रहा/रही था?,Was My sister writing at that time?,kya meri bahan abhi likhta/likhti रहा/रही था,Past Continuous,Yes/No Question,Beginner,,Practice Yes/No Question sentences for Past Continuous.
क्या शिक्षक अभी पूछता/पूछती रहा/रही था?,Was The teacher asking at that time?,kya shikshak abhi poochhta/poochhti रहा/रही था,Past Continuous,Yes/No Question,Beginner,,Practice Yes/No Question sentences for Past Continuous.
क्या छात्र अभी सुधारता/सुधारती रहा/रही था?,Was The student improving at that time?,kya chhatra abhi sudharta/sudharti रहा/रही था,Past Continuous,Yes/No Question,Beginner,,Practice Yes/No Question sentences for Past Continuous.
मैं अभी क्या कर रहा/रही है?,What was i doing at that time?,main abhi kya kar raha/rahi hai,Past Continuous,Question Word,Beginner,,Practice Question Word sentences for Past Continuous.
आप अभी क्या कर रहा/रही है?,What were you doing at that time?,aap abhi kya kar raha/rahi hai,Past Continuous,Question Word,Beginner,,Practice Question Word sentences for Past Continuous.
वह अभी क्या कर रहा/रही है?,What was he doing at that time?,vah abhi kya kar raha/rahi hai,Past Continuous,Question Word,Beginner,,Practice Question Word sentences for Past Continuous.
वह अभी क्या कर रहा/रही है?,What was she doing at that time?,vah abhi kya kar raha/rahi hai,Past Continuous,Question Word,Beginner,,Practice Question Word sentences for Past Continuous.
हम अभी क्या कर रहा/रही है?,What were we doing at that time?,hum abhi kya kar raha/rahi hai,Past Continuous,Question Word,Beginner,,Practice Question Word sentences for Past Continuous.
वे अभी क्या कर रहा/रही है?,What were they doing at that time?,ve abhi kya kar raha/rahi hai,Past Continuous,Question Word,Beginner,,Practice Question Word sentences for Past Continuous.
मेरा भाई अभी क्या कर रहा/रही है?,What was My brother doing at that time?,mera bhai abhi kya kar raha/rahi hai,Past Continuous,Question Word,Beginner,,Practice Question Word sentences for Past Continuous.
मेरी बहन अभी क्या कर रहा/रही है?,What was My sister doing at that time?,meri bahan abhi kya kar raha/rahi hai,Past Continuous,Question Word,Beginner,,Practice Question Word sentences for Past Continuous.
शिक्षक अभी क्या कर रहा/रही है?,What was The teacher doing at that time?,shikshak abhi kya kar raha/rahi hai,Past Continuous,Question Word,Beginner,,Practice Question Word sentences for Past Continuous.
छात्र अभी क्या कर रहा/रही है?,What was The student doing at that time?,chhatra abhi kya kar raha/rahi hai,Past Continuous,Question Word,Beginner,,Practice Question Word sentences for Past Continuous.
मैं अभी बोलता/बोलती क्यों नहीं रहा/रही था?,Why was i not speaking at that time?,main abhi bolta/bolti kyon nahi रहा/रही था,Past Continuous,Double Interrogative,Beginner,,Practice Double Interrogative sentences for Past Continuous.
आप अभी सीखता/सीखती क्यों नहीं रहा/रही था?,Why were you not learning at that time?,aap abhi seekhta/seekhti kyon nahi रहा/रही था,Past Continuous,Double Interrogative,Beginner,,Practice Double Interrogative sentences for Past Continuous.
वह अभी अभ्यास करता/करती क्यों नहीं रहा/रही था?,Why was he not practicing at that time?,vah abhi abhyas karta/karti kyon nahi रहा/रही था,Past Continuous,Double Interrogative,Beginner,,Practice Double Interrogative sentences for Past Continuous.
वह अभी जाता/जाती क्यों नहीं रहा/रही था?,Why was she not going at that time?,vah abhi jata/jati kyon nahi रहा/रही था,Past Continuous,Double Interrogative,Beginner,,Practice Double Interrogative sentences for Past Continuous.
हम अभी पूरा करता/करती क्यों नहीं रहा/रही था?,Why were we not finishing at that time?,hum abhi poora karta/karti kyon nahi रहा/रही था,Past Continuous,Double Interrogative,Beginner,,Practice Double Interrogative sentences for Past Continuous.
वे अभी फोन करता/करती क्यों नहीं रहा/रही था?,Why were they not calling at that time?,ve abhi phone karta/karti kyon nahi रहा/रही था,Past Continuous,Double Interrogative,Beginner,,Practice Double Interrogative sentences for Past Continuous.
मेरा भाई अभी पढ़ता/पढ़ती क्यों नहीं रहा/रही था?,Why was My brother not reading at that time?,mera bhai abhi padhta/padhti kyon nahi रहा/रही था,Past Continuous,Double Interrogative,Beginner,,Practice Double Interrogative sentences for Past Continuous.
मेरी बहन अभी लिखता/लिखती क्यों नहीं रहा/रही था?,Why was My sister not writing at that time?,meri bahan abhi likhta/likhti kyon nahi रहा/रही था,Past Continuous,Double Interrogative,Beginner,,Practice Double Interrogative sentences for Past Continuous.
शिक्षक अभी पूछता/पूछती क्यों नहीं रहा/रही था?,Why was The teacher not asking at that time?,shikshak abhi poochhta/poochhti kyon nahi रहा/रही था,Past Continuous,Double Interrogative,Beginner,,Practice Double Interrogative sentences for Past Continuous.
छात्र अभी सुधारता/सुधारती क्यों नहीं रहा/रही था?,Why was The student not improving at that time?,chhatra abhi sudharta/sudharti kyon nahi रहा/रही था,Past Continuous,Double Interrogative,Beginner,,Practice Double Interrogative sentences for Past Continuous.
मैं अंग्रेजी बोलना सकता/सकती है।,I can speak English.,main angrezi bolna सकता/सकती है,Polite Requests,Simple,Beginner,,Practice Simple sentences for Polite Requests.
आप अंग्रेजी सीखना सकता/सकती है।,You can learn English.,aap angrezi seekhna सकता/सकती है,Polite Requests,Simple,Beginner,,Practice Simple sentences for Polite Requests.
वह रोज अभ्यास करना सकता/सकती है।,He can practice daily.,vah roz abhyas karna सकता/सकती है,Polite Requests,Simple,Beginner,,Practice Simple sentences for Polite Requests.
वह क्लास जाना सकता/सकती है।,She can go to class.,vah class jana सकता/सकती है,Polite Requests,Simple,Beginner,,Practice Simple sentences for Polite Requests.
हम होमवर्क पूरा करना सकता/सकती है।,We can finish homework.,hum homework poora karna सकता/सकती है,Polite Requests,Simple,Beginner,,Practice Simple sentences for Polite Requests.
वे शिक्षक को फोन करना सकता/सकती है।,They can call the teacher.,ve shikshak ko phone karna सकता/सकती है,Polite Requests,Simple,Beginner,,Practice Simple sentences for Polite Requests.
मेरा भाई लेसन पढ़ना सकता/सकती है।,My brother can read the lesson.,mera bhai lesson padhna सकता/सकती है,Polite Requests,Simple,Beginner,,Practice Simple sentences for Polite Requests.
मेरी बहन वाक्य लिखना सकता/सकती है।,My sister can write sentences.,meri bahan vakya likhna सकता/सकती है,Polite Requests,Simple,Beginner,,Practice Simple sentences for Polite Requests.
शिक्षक सवाल पूछना सकता/सकती है।,The teacher can ask questions.,shikshak sawal poochhna सकता/सकती है,Polite Requests,Simple,Beginner,,Practice Simple sentences for Polite Requests.
छात्र कम्युनिकेशन सुधारना सकता/सकती है।,The student can improve communication.,chhatra communication sudharna सकता/सकती है,Polite Requests,Simple,Beginner,,Practice Simple sentences for Polite Requests.
मैं अंग्रेजी बोलना नहीं सकता/सकती है।,I can not speak English.,main angrezi bolna nahi सकता/सकती है,Polite Requests,Negative,Beginner,,Practice Negative sentences for Polite Requests.
आप अंग्रेजी सीखना नहीं सकता/सकती है।,You can not learn English.,aap angrezi seekhna nahi सकता/सकती है,Polite Requests,Negative,Beginner,,Practice Negative sentences for Polite Requests.
वह रोज अभ्यास करना नहीं सकता/सकती है।,He can not practice daily.,vah roz abhyas karna nahi सकता/सकती है,Polite Requests,Negative,Beginner,,Practice Negative sentences for Polite Requests.
वह क्लास जाना नहीं सकता/सकती है।,She can not go to class.,vah class jana nahi सकता/सकती है,Polite Requests,Negative,Beginner,,Practice Negative sentences for Polite Requests.
हम होमवर्क पूरा करना नहीं सकता/सकती है।,We can not finish homework.,hum homework poora karna nahi सकता/सकती है,Polite Requests,Negative,Beginner,,Practice Negative sentences for Polite Requests.
वे शिक्षक को फोन करना नहीं सकता/सकती है।,They can not call the teacher.,ve shikshak ko phone karna nahi सकता/सकती है,Polite Requests,Negative,Beginner,,Practice Negative sentences for Polite Requests.
मेरा भाई लेसन पढ़ना नहीं सकता/सकती है।,My brother can not read the lesson.,mera bhai lesson padhna nahi सकता/सकती है,Polite Requests,Negative,Beginner,,Practice Negative sentences for Polite Requests.
मेरी बहन वाक्य लिखना नहीं सकता/सकती है।,My sister can not write sentences.,meri bahan vakya likhna nahi सकता/सकती है,Polite Requests,Negative,Beginner,,Practice Negative sentences for Polite Requests.
शिक्षक सवाल पूछना नहीं सकता/सकती है।,The teacher can not ask questions.,shikshak sawal poochhna nahi सकता/सकती है,Polite Requests,Negative,Beginner,,Practice Negative sentences for Polite Requests.
छात्र कम्युनिकेशन सुधारना नहीं सकता/सकती है।,The student can not improve communication.,chhatra communication sudharna nahi सकता/सकती है,Polite Requests,Negative,Beginner,,Practice Negative sentences for Polite Requests.
क्या मैं अंग्रेजी बोलना सकता/सकती है?,Can i speak English?,kya main angrezi bolna सकता/सकती है,Polite Requests,Yes/No Question,Beginner,,Practice Yes/No Question sentences for Polite Requests.
क्या आप अंग्रेजी सीखना सकता/सकती है?,Can you learn English?,kya aap angrezi seekhna सकता/सकती है,Polite Requests,Yes/No Question,Beginner,,Practice Yes/No Question sentences for Polite Requests.
क्या वह रोज अभ्यास करना सकता/सकती है?,Can he practice daily?,kya vah roz abhyas karna सकता/सकती है,Polite Requests,Yes/No Question,Beginner,,Practice Yes/No Question sentences for Polite Requests.
क्या वह क्लास जाना सकता/सकती है?,Can she go to class?,kya vah class jana सकता/सकती है,Polite Requests,Yes/No Question,Beginner,,Practice Yes/No Question sentences for Polite Requests.
क्या हम होमवर्क पूरा करना सकता/सकती है?,Can we finish homework?,kya hum homework poora karna सकता/सकती है,Polite Requests,Yes/No Question,Beginner,,Practice Yes/No Question sentences for Polite Requests.
क्या वे शिक्षक को फोन करना सकता/सकती है?,Can they call the teacher?,kya ve shikshak ko phone karna सकता/सकती है,Polite Requests,Yes/No Question,Beginner,,Practice Yes/No Question sentences for Polite Requests.
क्या मेरा भाई लेसन पढ़ना सकता/सकती है?,Can My brother read the lesson?,kya mera bhai lesson padhna सकता/सकती है,Polite Requests,Yes/No Question,Beginner,,Practice Yes/No Question sentences for Polite Requests.
क्या मेरी बहन वाक्य लिखना सकता/सकती है?,Can My sister write sentences?,kya meri bahan vakya likhna सकता/सकती है,Polite Requests,Yes/No Question,Beginner,,Practice Yes/No Question sentences for Polite Requests.
क्या शिक्षक सवाल पूछना सकता/सकती है?,Can The teacher ask questions?,kya shikshak sawal poochhna सकता/सकती है,Polite Requests,Yes/No Question,Beginner,,Practice Yes/No Question sentences for Polite Requests.
क्या छात्र कम्युनिकेशन सुधारना सकता/सकती है?,Can The student improve communication?,kya chhatra communication sudharna सकता/सकती है,Polite Requests,Yes/No Question,Beginner,,Practice Yes/No Question sentences for Polite Requests.
मैं कब अंग्रेजी बोलना सकता/सकती है?,When can i speak English?,main kab angrezi bolna सकता/सकती है,Polite Requests,Question Word,Beginner,,Practice Question Word sentences for Polite Requests.
आप कब अंग्रेजी सीखना सकता/सकती है?,When can you learn English?,aap kab angrezi seekhna सकता/सकती है,Polite Requests,Question Word,Beginner,,Practice Question Word sentences for Polite Requests.
वह कब रोज अभ्यास करना सकता/सकती है?,When can he practice daily?,vah kab roz abhyas karna सकता/सकती है,Polite Requests,Question Word,Beginner,,Practice Question Word sentences for Polite Requests.
वह कब क्लास जाना सकता/सकती है?,When can she go to class?,vah kab class jana सकता/सकती है,Polite Requests,Question Word,Beginner,,Practice Question Word sentences for Polite Requests.
हम कब होमवर्क पूरा करना सकता/सकती है?,When can we finish homework?,hum kab homework poora karna सकता/सकती है,Polite Requests,Question Word,Beginner,,Practice Question Word sentences for Polite Requests.
वे कब शिक्षक को फोन करना सकता/सकती है?,When can they call the teacher?,ve kab shikshak ko phone karna सकता/सकती है,Polite Requests,Question Word,Beginner,,Practice Question Word sentences for Polite Requests.
मेरा भाई कब लेसन पढ़ना सकता/सकती है?,When can My brother read the lesson?,mera bhai kab lesson padhna सकता/सकती है,Polite Requests,Question Word,Beginner,,Practice Question Word sentences for Polite Requests.
मेरी बहन कब वाक्य लिखना सकता/सकती है?,When can My sister write sentences?,meri bahan kab vakya likhna सकता/सकती है,Polite Requests,Question Word,Beginner,,Practice Question Word sentences for Polite Requests.
शिक्षक कब सवाल पूछना सकता/सकती है?,When can The teacher ask questions?,shikshak kab sawal poochhna सकता/सकती है,Polite Requests,Question Word,Beginner,,Practice Question Word sentences for Polite Requests.
छात्र कब कम्युनिकेशन सुधारना सकता/सकती है?,When can The student improve communication?,chhatra kab communication sudharna सकता/सकती है,Polite Requests,Question Word,Beginner,,Practice Question Word sentences for Polite Requests.
मैं क्यों अंग्रेजी बोलना नहीं सकता/सकती है?,Why can i not speak English?,main kyon angrezi bolna nahi सकता/सकती है,Polite Requests,Double Interrogative,Beginner,,Practice Double Interrogative sentences for Polite Requests.
आप क्यों अंग्रेजी सीखना नहीं सकता/सकती है?,Why can you not learn English?,aap kyon angrezi seekhna nahi सकता/सकती है,Polite Requests,Double Interrogative,Beginner,,Practice Double Interrogative sentences for Polite Requests.
वह क्यों रोज अभ्यास करना नहीं सकता/सकती है?,Why can he not practice daily?,vah kyon roz abhyas karna nahi सकता/सकती है,Polite Requests,Double Interrogative,Beginner,,Practice Double Interrogative sentences for Polite Requests.
वह क्यों क्लास जाना नहीं सकता/सकती है?,Why can she not go to class?,vah kyon class jana nahi सकता/सकती है,Polite Requests,Double Interrogative,Beginner,,Practice Double Interrogative sentences for Polite Requests.
हम क्यों होमवर्क पूरा करना नहीं सकता/सकती है?,Why can we not finish homework?,hum kyon homework poora karna nahi सकता/सकती है,Polite Requests,Double Interrogative,Beginner,,Practice Double Interrogative sentences for Polite Requests.
वे क्यों शिक्षक को फोन करना नहीं सकता/सकती है?,Why can they not call the teacher?,ve kyon shikshak ko phone karna nahi सकता/सकती है,Polite Requests,Double Interrogative,Beginner,,Practice Double Interrogative sentences for Polite Requests.
मेरा भाई क्यों लेसन पढ़ना नहीं सकता/सकती है?,Why can My brother not read the lesson?,mera bhai kyon lesson padhna nahi सकता/सकती है,Polite Requests,Double Interrogative,Beginner,,Practice Double Interrogative sentences for Polite Requests.
मेरी बहन क्यों वाक्य लिखना नहीं सकता/सकती है?,Why can My sister not write sentences?,meri bahan kyon vakya likhna nahi सकता/सकती है,Polite Requests,Double Interrogative,Beginner,,Practice Double Interrogative sentences for Polite Requests.
शिक्षक क्यों सवाल पूछना नहीं सकता/सकती है?,Why can The teacher not ask questions?,shikshak kyon sawal poochhna nahi सकता/सकती है,Polite Requests,Double Interrogative,Beginner,,Practice Double Interrogative sentences for Polite Requests.
छात्र क्यों कम्युनिकेशन सुधारना नहीं सकता/सकती है?,Why can The student not improve communication?,chhatra kyon communication sudharna nahi सकता/सकती है,Polite Requests,Double Interrogative,Beginner,,Practice Double Interrogative sentences for Polite Requests.
